"assay","beta","ukb_sd"
"A1BG",0.00918489,0.190347
"AAMDC",-0.0517706,0.547459
"AARSD1",0.105029,0.640841
"ABCA2",0.00337215,0.374022
"ABHD14B",0.0963274,0.635967
"ABL1",0.0276204,0.76948
"ABO",0.058932,1.4952
"ABRAXAS2",-0.029995,0.683764
"ACAA1",-0.00320935,0.928406
"ACADM",0.0074248,0.718412
"ACADSB",0.0837304,0.921571
"ACAN",0.0064923,0.33613
"ACE",-0.00673906,0.273622
"ACE2",0.0179012,0.640059
"ACHE",-0.186507,0.357718
"ACOT13",-0.0103272,1.17697
"ACOX1",-0.00085484,0.542859
"ACP1",0.0417987,0.465498
"ACP5",-0.14342,0.382275
"ACP6",-0.0225631,0.749735
"ACRBP",0.0834914,0.401721
"ACRV1",0.233394,1.2019
"ACSL1",0.00589813,0.378617
"ACTA2",0.343396,0.527274
"ACTN2",0.015202,0.622309
"ACTN4",-0.0180664,0.350954
"ACVRL1",-0.117166,0.293082
"ACY1",0.142724,0.768775
"ACY3",-0.00200117,0.585866
"ACYP1",-0.0717683,0.686619
"ADA",-0.194501,0.399099
"ADA2",-0.283064,0.489299
"ADAM12",-0.12076,0.37516
"ADAM15",0.00274826,0.342617
"ADAM22",0.143974,0.39604
"ADAM23",0.00463946,0.394707
"ADAM8",0.00163667,0.328015
"ADAM9",-0.0236785,0.316617
"ADAMTS1",0.0616092,0.326632
"ADAMTS13",-0.270224,0.262325
"ADAMTS15",-0.305175,0.536396
"ADAMTS16",0.363691,0.372013
"ADAMTS4",0.198766,0.374259
"ADAMTS8",0.0190697,0.513602
"ADAMTSL2",-0.259742,0.365502
"ADAMTSL4",-0.0560942,0.250497
"ADAMTSL5",-0.231852,0.409782
"ADCYAP1R1",-0.0477509,0.384844
"ADD1",-0.000108199,0.739488
"ADGRB3",0.003428,0.373733
"ADGRD1",-0.00586072,0.444678
"ADGRE1",0.0971471,0.580558
"ADGRE2",0.350117,0.33076
"ADGRE5",0.168052,0.356164
"ADGRF5",-0.147749,0.302275
"ADGRG1",0.259352,0.84251
"ADGRG2",0.00930212,0.335659
"ADGRV1",-0.0366839,0.714295
"ADH1B",0.0589906,0.830884
"ADH4",0.0929884,1.03526
"ADIPOQ",0.00761837,0.853825
"ADM",0.241629,0.363169
"ADRA2A",-0.000796444,0.73636
"AFAP1",0.0282402,0.868642
"AFM",0.105216,0.218292
"AFP",0.371667,0.77049
"AGBL2",0.000733833,0.929705
"AGER",-0.472571,0.474307
"AGR2",-0.00395014,1.11889
"AGR3",-0.00107768,0.667626
"AGRN",-0.106869,0.3941
"AGRP",-0.61806,0.601646
"AGT",0.0495314,0.234925
"AGXT",-0.0145781,0.888875
"AHCY",0.0819233,0.749369
"AHNAK2",-0.0712793,0.307962
"AHSA1",-0.0023519,0.696634
"AHSG",-0.0198532,0.281908
"AHSP",-0.00988721,1.0083
"AIDA",0.0462946,0.874006
"AIF1",0.0115066,0.580319
"AIF1L",0.011679,0.581558
"AIFM1",0.0517763,1.18993
"AK1",0.0173423,0.731553
"AK2",0.0673288,1.10319
"AKAP12",0.060722,0.207894
"AKR1B1",-0.0196706,0.833102
"AKR1B10",0.00284481,0.63337
"AKR1C4",0.00216838,0.583362
"AKR7L",-0.0340771,0.728989
"AKT1S1",0.0743367,0.737249
"AKT2",0.0645152,1.31221
"AKT3",-0.0399058,0.629229
"ALCAM",0.144766,0.233718
"ALDH2",0.00491205,0.533361
"ALDH3A1",-0.00366417,0.779523
"ALDH5A1",0.0201633,0.489095
"ALMS1",0.000672108,0.46032
"ALPI",0.0176593,1.26021
"ALPP",0.00658247,1.40237
"AMBN",0.00916799,0.29885
"AMBP",-0.0531426,0.238562
"AMDHD2",0.152104,0.26553
"AMFR",0.0263627,0.710193
"AMIGO1",-0.00127662,0.522631
"AMIGO2",-0.118649,0.254883
"AMN",0.0040596,0.52779
"AMOT",-0.0783008,0.455813
"AMOTL2",-0.0366712,0.502614
"AMPD3",0.0906093,0.764261
"AMY1A_AMY1B_AMY1C",0.00260742,0.520688
"AMY2A",0.00522666,0.538763
"ANG",-0.0503648,0.396679
"ANGPT1",0.228075,0.948114
"ANGPT2",-0.282733,0.44491
"ANGPTL1",-0.158947,0.328598
"ANGPTL2",-0.000776571,0.477812
"ANGPTL3",-0.100991,0.430562
"ANGPTL4",0.0937087,0.527147
"ANGPTL7",0.137356,0.421633
"ANK2",0.0178111,0.730396
"ANKMY2",0.074791,0.820529
"ANKRA2",0.0316165,0.569861
"ANKRD54",-0.006139,0.64746
"ANP32C",-0.00682293,0.417361
"ANPEP",-0.0109925,0.312731
"ANXA1",0.177759,0.4604
"ANXA10",0.0414344,0.923816
"ANXA11",-0.000854812,0.738515
"ANXA2",0.0136336,0.738605
"ANXA3",0.0469326,0.792706
"ANXA4",0.055502,0.794935
"ANXA5",-0.00185338,0.328156
"AOC1",-0.0132093,0.621201
"AOC3",0.0836025,0.353256
"AP1G2",-0.00775583,0.841772
"AP2B1",0.053561,0.501262
"AP3B1",0.00456286,0.802397
"AP3S2",0.0172277,0.497396
"APBB1IP",-0.0063329,0.525129
"APCS",0.218726,0.417006
"APEX1",0.0179934,0.677086
"APLP1",-0.0753164,0.57625
"APOA1",-0.0095431,0.297705
"APOA2",-0.0467815,0.526218
"APOA4",-0.0371767,0.371963
"APOB",-0.0639255,0.233888
"APOBR",0.128421,0.439048
"APOC1",-0.0737283,0.404943
"APOD",0.0466883,0.452269
"APOE",-0.0614118,0.740559
"APOF",0.118352,0.329585
"APOH",-0.00176994,0.403679
"APOL1",-0.0284781,0.653405
"APOM",-0.168306,0.317042
"APP",0.0123661,0.741969
"APPL2",-0.00287874,1.16069
"APRT",0.00172167,0.537282
"ARAF",-0.0189142,0.694019
"AREG",0.0772658,0.511985
"ARF6",-0.0339435,1.11072
"ARFIP1",0.00659312,0.715474
"ARG1",0.0507765,0.595523
"ARG2",0.0265016,0.448139
"ARHGAP1",-0.00657449,0.511164
"ARHGAP25",-0.0288406,0.663779
"ARHGAP30",0.00640207,0.405143
"ARHGAP45",0.136562,0.84899
"ARHGAP5",-0.000121049,0.778634
"ARHGEF1",-0.016832,0.93931
"ARHGEF10",0.0230682,0.978706
"ARHGEF12",0.0220153,1.15806
"ARHGEF5",-0.0304646,0.760508
"ARID3A",0.0193589,0.410154
"ARID4B",0.0524495,0.464313
"ARL13B",-0.018496,0.718002
"ARL2BP",0.0035881,0.414834
"ARMCX2",0.0292538,0.630526
"ARNT",-0.0656367,0.404505
"ARNTL",-0.0161038,0.532769
"ARSA",0.11096,0.521203
"ARSB",-0.0116431,0.626962
"ART3",-0.229413,0.417509
"ART5",-0.019375,0.645882
"ARTN",-0.0779431,0.491297
"ASAH1",0.0802287,0.48712
"ASAH2",-0.00586065,0.614767
"ASGR1",-0.0366446,0.359663
"ASGR2",-0.0694899,0.277521
"ASPN",-0.00680605,0.291436
"ASPSCR1",0.00134054,0.710556
"ASRGL1",0.0241411,1.0501
"ASS1",0.0775488,0.850298
"ATF2",-0.00784402,0.752346
"ATF4",-0.00396577,0.343936
"ATG16L1",0.00445254,0.89029
"ATG4A",-0.0476215,0.66951
"ATOX1",-0.0370197,0.800325
"ATP1B1",0.00195678,0.496619
"ATP1B2",-0.00659219,0.324388
"ATP1B3",0.00277183,0.404331
"ATP1B4",-0.00306089,0.428017
"ATP2B4",0.0209926,0.646317
"ATP5F1D",0.00113855,0.524257
"ATP5IF1",-0.00269987,1.22869
"ATP5PO",-0.00112594,0.458983
"ATP6AP2",-0.00750798,0.450978
"ATP6V1D",0.0186453,0.293788
"ATP6V1F",0.10238,0.730837
"ATP6V1G1",0.0246092,0.752868
"ATP6V1G2",-2.01781e-05,0.989763
"ATRAID",-0.0132244,0.302039
"ATRN",0.143457,0.177741
"ATXN10",-0.0130758,0.789221
"ATXN2",-0.0101797,1.13096
"ATXN2L",0.0302036,0.49777
"ATXN3",-0.00447902,0.665081
"AXIN1",0.0135333,1.06954
"AXL",-0.145073,0.309159
"AZU1",-0.0141467,0.850991
"B2M",-0.00359476,0.339883
"B3GNT7",0.0833121,0.394137
"B4GALT1",-0.141422,0.308523
"B4GAT1",0.326606,0.285235
"BABAM1",-0.00346385,0.295462
"BACH1",0.0531228,0.807818
"BAG3",-0.156395,0.454679
"BAG4",0.0493301,0.507319
"BAG6",0.0840316,0.399306
"BAIAP2",0.0205525,0.732223
"BAMBI",-0.0336756,0.326716
"BANK1",-0.0393715,1.1863
"BAP18",0.102814,0.733061
"BATF",0.00644883,0.866511
"BAX",0.0119228,0.985027
"BCAN",-0.427771,0.411659
"BCAT1",0.140071,0.322303
"BCAT2",-0.0037542,0.552081
"BCHE",0.0470135,0.299952
"BCL2",0.0936573,0.562276
"BCL2L1",0.0565884,1.03007
"BCL2L11",0.252321,0.491175
"BCL2L15",-0.0200863,0.603597
"BCL7A",-0.0290509,0.653104
"BCL7B",-0.00600272,0.471117
"BCR",0.0142209,1.01903
"BDNF",0.164847,0.870179
"BECN1",-0.0378497,0.634282
"BEX3",0.00026676,0.479483
"BGLAP",-0.113647,0.957374
"BGN",0.0134862,1.3124
"BHLHE40",0.0241136,0.724657
"BHMT2",0.0322011,0.26376
"BID",0.122982,0.751916
"BIN2",0.0186655,1.01432
"BIRC2",-0.0334111,0.701588
"BLMH",-0.146445,0.359366
"BLNK",-0.0641435,0.394709
"BLOC1S2",-0.017851,0.751993
"BLOC1S3",-0.0103573,0.425267
"BLVRB",-0.0063114,0.763398
"BMP10",-0.136602,0.311466
"BMP4",-0.0422487,0.517846
"BMP6",0.0400022,0.462724
"BMPER",-0.0131595,0.241496
"BNIP2",-0.0773535,0.352769
"BNIP3L",0.0498876,0.45821
"BOC",-0.424892,0.266829
"BOLA1",0.0319004,0.56297
"BOLA2_BOLA2B",-0.00428097,0.57683
"BPIFA2",0.00321785,1.16171
"BPIFB1",0.00748142,0.763089
"BPIFB2",-0.0598832,0.74119
"BRAP",0.0345872,1.1342
"BRD1",-0.0346484,0.313572
"BRD2",0.00713152,0.351606
"BRD3",0.0492126,0.492431
"BRDT",0.00827391,0.37695
"BRK1",-0.00964234,0.499274
"BRME1",0.00888547,0.424444
"BRSK2",-0.0814113,0.399879
"BSG",-0.150807,0.23087
"BSND",-0.00462581,0.347394
"BST1",-0.0194846,0.525293
"BST2",-0.0132149,0.600836
"BTC",0.00504725,0.821881
"BTLA",0.021332,0.896158
"BTN1A1",0.0142846,0.410492
"BTN2A1",0.108488,0.294463
"BTN3A2",-0.0162995,0.420901
"BTNL10",0.109227,0.409896
"C19orf12",-0.0889576,0.74082
"C1GALT1C1",0.00880554,0.328902
"C1QA",0.00800812,0.257456
"C1QBP",0.0149323,0.69934
"C1QL2",-0.188232,0.462585
"C1QTNF1",-0.033628,0.493661
"C1QTNF5",0.0989523,0.388603
"C1QTNF6",-0.141014,0.331759
"C1QTNF9",-0.0491289,0.500767
"C1R",0.0331033,0.199295
"C1RL",-0.0155441,0.21223
"C1S",0.258775,0.223212
"C2",0.00167946,0.266167
"C2CD2L",0.011974,0.470087
"C2orf69",0.00451767,0.59613
"C3",0.0372791,0.48745
"C4BPB",0.196147,0.459303
"C5",-0.00287009,0.157721
"C7",0.0129775,0.33807
"C7orf50",0.0442624,0.242662
"C8B",0.00862816,0.320587
"C9",0.0678496,0.561379
"C9orf40",-0.00659334,0.858994
"CA1",-0.0193301,0.693685
"CA11",-0.000106123,0.348958
"CA12",-0.30124,0.36096
"CA13",-0.0197282,1.15676
"CA14",-0.273393,0.434946
"CA2",0.0210567,0.810031
"CA3",-0.0191192,0.711509
"CA4",-0.361827,0.272602
"CA5A",-0.0406018,1.07574
"CA6",-0.0246017,0.766598
"CA7",0.029599,0.352415
"CA8",0.00492506,0.268681
"CA9",0.00248344,0.528666
"CABP2",-0.0410887,0.668114
"CACNA1C",-0.0001714,0.330955
"CACNA1H",0.0239384,0.590517
"CACNB1",-0.00388741,0.607219
"CACNB3",-0.0425596,0.880368
"CACYBP",-0.000401131,1.05692
"CADPS",-0.00457596,0.437243
"CALB1",0.24882,0.496036
"CALB2",-0.00413745,0.342609
"CALCA",0.101022,0.85043
"CALCB",-0.0773636,0.408789
"CALCOCO1",-0.135253,1.17095
"CALCOCO2",0.0116019,0.796355
"CALY",0.0534734,0.386073
"CAMKK1",-0.000880585,0.492089
"CAMLG",-0.00284622,0.557805
"CAMSAP1",0.0485777,1.13436
"CANT1",0.0717885,0.228277
"CAPG",-0.00212747,0.683426
"CAPN3",-0.00179369,0.391288
"CAPS",0.0848997,0.98573
"CARHSP1",0.142493,0.584445
"CASC3",-0.00453755,0.43462
"CASP1",0.00239297,0.766284
"CASP10",0.00395919,0.795008
"CASP2",-0.00197808,0.749468
"CASP3",-0.040218,0.978903
"CASP4",0.0121731,1.73241
"CASP7",0.0180004,0.869708
"CASP8",0.197738,0.702828
"CASP9",0.0548598,0.627064
"CASQ2",-0.0334026,0.496512
"CAT",0.0175998,0.586541
"CBLIF",0.0295579,0.835034
"CBLN1",-0.0178041,0.980427
"CBLN4",-0.0358837,0.361063
"CBS",0.101767,0.532277
"CBX2",-0.0201774,0.407455
"CC2D1A",0.0395228,0.841593
"CCAR2",-0.0111805,0.57132
"CCDC134",0.0187856,0.505252
"CCDC28A",0.0165589,0.301909
"CCDC50",-0.0313414,0.792214
"CCDC80",0.762075,0.434503
"CCER2",-0.0850235,0.649071
"CCL11",0.369789,0.451049
"CCL13",0.133006,0.78653
"CCL14",-0.00563444,0.454349
"CCL15",-0.0372137,0.504624
"CCL16",-0.0040216,0.635681
"CCL17",-0.0370375,1.03375
"CCL18",0.0266155,0.824345
"CCL19",0.0364602,1.38495
"CCL2",-0.118138,0.604264
"CCL20",-0.062932,1.00516
"CCL21",0.0442848,0.466601
"CCL22",-0.0980083,0.600176
"CCL23",-0.0205558,0.486472
"CCL24",-0.0117179,0.946597
"CCL25",0.121079,0.567336
"CCL26",-0.0244153,1.02071
"CCL27",0.118098,0.710209
"CCL28",0.213586,0.654024
"CCL3",0.0521957,0.716076
"CCL4",0.0303036,0.750443
"CCL5",-0.0650842,1.15279
"CCL7",-0.0547594,0.69257
"CCL8",-0.0324231,0.691869
"CCN1",0.132731,0.867965
"CCN2",-0.00186816,0.647727
"CCN3",0.176644,0.405329
"CCN4",-0.0197075,0.459424
"CCN5",0.588006,0.492706
"CCND2",-0.00165478,0.381058
"CCNE1",-0.0255445,0.964038
"CCS",0.0324981,0.52784
"CCT5",-2.83457e-05,0.507109
"CD101",0.00272342,0.448662
"CD109",0.0809116,0.374967
"CD14",-0.048694,0.469468
"CD160",-0.158905,0.525984
"CD163",-0.0452708,0.50654
"CD164",0.0343267,0.299616
"CD164L2",0.0305068,0.371866
"CD177",-0.00237666,1.42797
"CD1C",-0.180108,0.279519
"CD2",0.000876789,0.395513
"CD200R1",0.0626522,0.392279
"CD207",-0.00537641,0.432616
"CD209",0.107399,0.436975
"CD22",0.043185,0.493038
"CD226",0.00468947,0.428686
"CD244",-0.00718248,0.306558
"CD248",0.569025,0.435729
"CD27",0.0156912,0.463388
"CD274",-0.121602,0.386436
"CD276",0.0138164,0.409056
"CD28",0.0137848,0.40521
"CD2AP",-0.154597,0.715121
"CD300A",-0.0402036,0.319168
"CD300C",-0.0811607,0.398209
"CD300E",-0.00377384,0.486088
"CD300LF",-0.043547,0.71541
"CD300LG",-0.0619459,0.432328
"CD302",0.0586032,0.35633
"CD33",0.00600528,0.894981
"CD34",-0.0292183,0.269914
"CD36",-0.0413858,0.473504
"CD38",0.0858114,0.426205
"CD3D",0.00779311,0.350274
"CD3E",-0.0391734,0.364466
"CD3G",0.00611405,0.919823
"CD4",0.028,0.344608
"CD40",0.0150122,0.55847
"CD40LG",-0.0724033,0.880474
"CD46",0.172689,0.318341
"CD48",0.0629214,0.334194
"CD5",-0.112619,0.390595
"CD55",0.113468,0.288863
"CD58",-0.0734306,0.197739
"CD5L",0.165849,0.490755
"CD6",0.0207819,0.613304
"CD63",0.073828,0.577883
"CD69",0.00217006,0.973609
"CD7",-0.084674,0.448022
"CD70",0.0611557,0.500517
"CD72",0.0388453,0.45899
"CD74",-0.00886006,0.411334
"CD79B",-0.0144457,0.505936
"CD80",-0.136186,0.367786
"CD82",0.00984851,0.42699
"CD83",-0.320937,0.397544
"CD84",0.0497927,0.350288
"CD86",-0.0111043,0.309551
"CD8A",-0.165429,0.563511
"CD93",-0.333681,0.341716
"CD99",0.0363928,0.249217
"CD99L2",-0.114926,0.279632
"CDA",0.0340727,0.515726
"CDAN1",-0.0114088,0.238736
"CDC123",-0.0437164,0.657613
"CDC25A",0.0185098,0.413493
"CDC26",-0.00486908,0.731067
"CDC27",0.0230449,0.670371
"CDC37",-0.0896517,0.936201
"CDC42BPB",0.0859921,1.08521
"CDCP1",0.617116,0.660077
"CDH1",-0.0160719,0.447701
"CDH15",0.026771,0.750402
"CDH17",0.0314865,0.778649
"CDH2",0.16129,0.444659
"CDH22",0.0432974,0.291607
"CDH23",0.0592544,0.275301
"CDH3",-0.369834,0.398591
"CDH4",-0.00456967,0.483379
"CDH6",-0.012858,0.431307
"CDHR1",-0.020384,0.478337
"CDHR2",0.294134,1.03797
"CDHR5",0.091293,0.448095
"CDK1",-0.0137315,0.375051
"CDK5RAP3",-0.084317,0.611992
"CDKL5",0.0043493,0.54117
"CDKN1A",-0.0332307,1.20049
"CDKN2D",-0.0381249,1.04987
"CDNF",0.0273853,0.360144
"CDON",-0.61438,0.302804
"CDSN",0.0242007,0.483053
"CEACAM1",0.139109,0.27884
"CEACAM16",-0.0165549,0.869387
"CEACAM18",-0.00138525,0.70803
"CEACAM19",0.059682,0.417003
"CEACAM20",-0.0604401,0.455664
"CEACAM21",0.0132343,0.969136
"CEACAM3",-0.00435512,0.526306
"CEACAM5",0.0801171,0.7474
"CEACAM6",-0.129548,0.441891
"CEACAM8",0.00209343,0.565932
"CEBPA",-0.0387452,0.386771
"CEBPB",0.013065,0.413052
"CELA2A",0.23717,0.639412
"CELA3A",-0.190112,0.649136
"CELSR2",-0.080168,0.300436
"CEMIP2",-0.0376525,0.342547
"CEND1",0.000751358,0.604633
"CENPF",0.0127634,0.582593
"CENPJ",-0.00198468,0.730377
"CEP112",0.0186736,0.46037
"CEP152",-0.00298149,0.436188
"CEP164",0.0121233,0.689967
"CEP170",0.000334721,0.801401
"CEP20",-0.0323299,0.822771
"CEP290",0.00762517,0.542149
"CEP350",-0.0306779,0.378838
"CEP43",-0.0292679,0.753171
"CEP85",0.0105956,0.709382
"CERT1",-0.0329369,0.669025
"CES1",0.0501512,0.977452
"CES2",-0.0652909,0.642221
"CES3",0.00120438,0.799639
"CETN2",-0.0259518,0.752508
"CETN3",-0.0743263,0.805864
"CFB",0.0374302,0.370442
"CFC1",0.06244,0.519302
"CFD",0.00478957,0.21994
"CFH",0.0640877,0.272654
"CFHR2",0.0346675,0.592504
"CFHR4",0.00443893,0.753956
"CFHR5",-0.0124034,0.434915
"CFI",0.102268,0.23185
"CFP",-0.133795,0.247359
"CGA",-0.285273,1.28316
"CGB3_CGB5_CGB8",0.162029,0.464693
"CGN",0.00968728,0.40823
"CGREF1",-1.39519e-06,0.474698
"CHAC2",-0.0088058,0.663549
"CHAD",0.15546,0.539444
"CHCHD10",-0.131055,0.463922
"CHCHD6",-0.0453509,0.299724
"CHEK2",0.00438803,0.35739
"CHGA",0.203682,0.926054
"CHGB",0.356584,0.470928
"CHI3L1",0.00754777,0.926593
"CHIT1",0.0383079,1.76295
"CHL1",-0.0987579,0.346731
"CHM",-0.00525515,0.626805
"CHMP1A",0.109111,0.875578
"CHMP6",-0.0631168,0.588936
"CHP1",-0.012587,0.75428
"CHRDL1",0.756601,0.392441
"CHRDL2",-0.0482093,0.61556
"CHRM1",-0.00770625,0.377209
"CIAPIN1",0.00435438,0.701542
"CILP",0.167183,0.598538
"CINP",0.00465103,0.453837
"CIRBP",-0.0210052,0.995037
"CIT",0.0196674,0.482258
"CKAP4",-0.367106,0.30686
"CKB",0.0270098,0.705267
"CKMT1A_CKMT1B",0.00961877,0.758461
"CLASP1",-0.0172286,0.744293
"CLC",-0.018922,0.757077
"CLEC10A",-0.0653885,0.406553
"CLEC11A",-0.0571532,0.530725
"CLEC12A",0.0677899,0.20245
"CLEC14A",-0.0411957,0.360788
"CLEC1A",-0.0806173,0.363317
"CLEC1B",-0.00606917,1.08174
"CLEC2L",0.00632849,0.52519
"CLEC3B",-0.0927456,0.225804
"CLEC4A",-0.244296,0.398372
"CLEC4C",0.0103722,0.531026
"CLEC4D",0.0370363,0.733545
"CLEC4G",0.0251519,0.38229
"CLEC4M",0.0591665,0.50667
"CLEC5A",0.207801,0.341813
"CLEC6A",0.00510507,0.531713
"CLEC7A",-0.00110198,0.674612
"CLGN",-0.0203911,0.460963
"CLIC5",0.0109138,0.328562
"CLINT1",-0.0117323,0.480258
"CLIP2",-0.00999713,1.26837
"CLMP",-0.0584923,0.275307
"CLNS1A",0.0183517,0.352822
"CLPP",0.0425966,1.06779
"CLPS",1.06729e-05,0.781944
"CLSPN",-0.00157485,0.379877
"CLSTN1",0.0099591,0.572263
"CLSTN2",-0.000827978,0.445526
"CLSTN3",0.00419152,0.322799
"CLTA",0.0600851,0.505253
"CLU",0.0105536,0.321247
"CLUL1",0.0283878,0.53564
"CMC1",-0.196474,0.944707
"CMIP",0.0513503,0.86215
"CNDP1",0.0489305,0.517444
"CNGB3",-0.0355962,0.554024
"CNP",0.0220131,0.828486
"CNPY2",0.00547532,0.661416
"CNPY4",0.00273242,0.844062
"CNST",-0.00120928,1.19686
"CNTF",-0.00585309,0.347739
"CNTN1",0.290991,0.331542
"CNTN2",0.0745077,0.519826
"CNTN3",0.09246,0.409746
"CNTN4",0.0285386,0.272993
"CNTN5",0.30876,0.448942
"CNTNAP2",-0.0482265,0.476265
"CNTNAP4",0.0363524,1.06818
"COCH",0.0188502,0.495092
"COL15A1",-0.377289,0.296052
"COL18A1",0.0461152,0.27721
"COL24A1",-0.073739,0.590157
"COL28A1",-0.00384343,0.791185
"COL2A1",-0.0105049,0.828182
"COL3A1",-0.0336116,0.2429
"COL4A1",-0.252177,0.458392
"COL4A4",-0.00285759,0.538404
"COL5A1",-0.125493,0.414598
"COL6A3",-0.656512,0.416905
"COL9A1",-0.172034,0.528726
"COL9A2",0.000586476,0.464439
"COLEC12",0.344537,0.324179
"COMMD1",0.00890723,0.636228
"COMMD9",0.0300942,0.411641
"COMP",0.0689471,0.396549
"COMT",0.001968,0.925091
"COPB2",0.0197585,0.439482
"COPE",0.044585,0.512454
"COQ7",0.131733,0.4608
"CORO1A",-0.0525004,0.976719
"CORO6",-0.00257155,0.384913
"COX5B",-0.00256947,0.776571
"COX6B1",-0.0753777,0.336936
"CPA1",0.384136,0.682405
"CPA2",0.0747467,0.738374
"CPA4",-0.00382464,0.446728
"CPB1",-0.0609895,0.666992
"CPB2",0.000707777,0.236984
"CPE",0.0916537,0.434044
"CPLX2",-0.00539225,0.318974
"CPM",-0.0894323,0.440988
"CPOX",-0.0564403,0.280383
"CPPED1",0.000613207,0.767546
"CPQ",0.0445994,0.385936
"CPTP",0.0923727,0.41037
"CPVL",-0.085466,0.457455
"CPXM1",0.0270489,0.775644
"CPXM2",-0.0296929,0.275932
"CR1",-0.00637329,0.37897
"CR2",-0.255224,0.530444
"CRACR2A",-0.0751623,0.950101
"CRADD",0.0306866,0.845779
"CREB3",0.0335115,0.565651
"CREG1",0.0718903,0.439666
"CRELD1",-0.0350736,0.410282
"CRELD2",0.00303471,0.585836
"CRH",-0.0775132,0.979822
"CRHBP",0.192644,0.330625
"CRHR1",0.019702,0.678391
"CRIM1",-0.288077,0.232797
"CRIP2",0.0513988,0.437285
"CRISP2",0.00714475,0.757399
"CRISP3",0.0126783,0.28667
"CRKL",-0.0363602,1.18922
"CRLF1",0.0342378,0.301839
"CRNN",-0.0123104,0.776729
"CRTAC1",0.659804,0.356342
"CRTAM",-0.00179043,0.574772
"CRTAP",-0.10016,0.508063
"CRX",-0.00496503,1.19397
"CRYBB1",-0.0148868,0.682206
"CRYBB2",0.162515,0.71541
"CRYGD",-0.00339488,1.00557
"CRYM",-0.0220697,0.771459
"CRYZL1",-0.0975015,0.946356
"CSDE1",-0.00691807,1.22923
"CSF1R",0.0435539,0.42666
"CSF2",0.00478166,0.373613
"CSF2RA",-0.00916822,0.686255
"CSF2RB",0.00269203,0.445015
"CSF3",-0.118082,0.558305
"CSF3R",-0.00469976,0.311882
"CSH1",-0.00147734,0.329105
"CSNK1D",-0.0221472,0.653057
"CSNK2A1",0.00201952,0.469169
"CSPG4",0.146107,0.367989
"CSPG5",-0.0373808,0.502901
"CSRP3",-0.00854875,1.00562
"CST3",0.00908339,0.344586
"CST5",0.134704,0.635818
"CST6",0.0342079,0.555823
"CST7",-0.00642415,1.06566
"CSTB",-0.0115343,0.493858
"CTAG1A_CTAG1B",-0.0481204,0.50926
"CTBS",0.0673171,0.28695
"CTF1",-0.0205722,0.924887
"CTHRC1",0.429599,0.339096
"CTLA4",0.0143002,0.307169
"CTNNA1",0.0267946,0.359649
"CTRB1",0.0439614,0.619158
"CTRC",0.0105907,0.715852
"CTRL",0.045173,0.715925
"CTSB",-0.0169685,0.613895
"CTSC",0.0237974,0.474979
"CTSD",0.108581,0.465068
"CTSE",-0.0953047,0.543657
"CTSF",0.222299,0.4643
"CTSH",-0.0117093,0.835085
"CTSL",0.0570822,0.275528
"CTSO",0.0635803,0.354249
"CTSV",-0.340797,0.493325
"CTSZ",0.00700167,0.36838
"CUZD1",0.00470432,0.388949
"CWC15",0.0565169,0.646341
"CX3CL1",-0.05184,0.372437
"CXADR",-0.0781977,0.57079
"CXCL1",-0.00331962,1.07519
"CXCL10",0.062335,0.784513
"CXCL11",0.0274834,0.900702
"CXCL12",-0.252561,0.439925
"CXCL13",0.00310147,0.691044
"CXCL14",0.28298,0.721373
"CXCL16",-0.198691,0.272763
"CXCL17",1.09086,0.616568
"CXCL3",0.050771,1.055
"CXCL5",0.0394456,1.31482
"CXCL6",-0.00667949,0.861348
"CXCL8",-0.00993315,0.77656
"CXCL9",0.0974822,0.792734
"CYB5A",-0.0163434,0.738681
"CYB5R2",0.0892241,0.586779
"CYP24A1",0.00620353,0.884831
"CYTH3",-0.00238632,0.748028
"CYTL1",-0.804838,0.262424
"DAAM1",-0.00313429,0.853814
"DAB2",0.144097,1.26095
"DAG1",0.058019,0.539817
"DAND5",0.00196729,0.571412
"DAPK2",-0.0264296,0.571349
"DAPP1",0.0834445,1.34483
"DARS1",0.0657659,0.810114
"DBH",-0.00305786,1.1478
"DBI",-0.0924189,0.885096
"DBN1",0.00616631,0.530553
"DBNL",-0.0397604,1.04061
"DCBLD2",0.247119,0.404992
"DCC",-0.0246263,0.232476
"DCDC2C",0.00859406,0.642477
"DCLRE1C",-0.0606902,0.318944
"DCN",0.401238,0.26004
"DCTN1",0.0113624,0.737199
"DCTN2",0.00414029,1.00881
"DCTN6",-0.0492796,0.79119
"DCTPP1",0.101196,0.357626
"DCUN1D1",-0.0541816,0.771547
"DCUN1D2",0.0263803,0.819426
"DCXR",-0.0083634,0.652412
"DDA1",-0.0115498,0.405196
"DDAH1",0.022161,0.507513
"DDC",0.0614801,0.550133
"DDHD2",-0.0169369,0.696495
"DDI2",0.0369958,0.825671
"DDT",0.119166,0.449675
"DDX1",0.00937467,0.520657
"DDX25",-0.0318298,0.383435
"DDX39A",0.0500772,0.231359
"DDX4",-0.00294818,0.551304
"DDX58",0.00974423,0.648104
"DECR1",0.00140165,1.06562
"DEFA1_DEFA1B",-0.0179694,0.574227
"DEFB103A_DEFB103B",0.041673,0.425648
"DEFB104A_DEFB104B",-0.061388,0.596806
"DEFB116",0.0308615,0.775177
"DEFB118",-0.0572412,0.588075
"DEFB4A_DEFB4B",-0.0170801,1.73909
"DENND2B",-0.00600796,0.507186
"DENR",0.036976,0.581778
"DFFA",-0.0381478,0.751031
"DGCR6",0.00941266,0.451454
"DGKZ",0.00106076,0.379959
"DHODH",0.0788471,0.4817
"DHPS",0.00657038,0.425543
"DHRS4L2",-0.0189103,0.488913
"DIABLO",0.0683159,1.21602
"DIPK1C",-0.00383992,0.431756
"DIPK2B",-0.0281517,0.303663
"DKK1",-0.0769663,0.675155
"DKK3",0.332686,0.34939
"DKK4",0.0103642,0.518869
"DKKL1",0.0617729,0.988578
"DLG4",0.00200082,0.744818
"DLGAP5",0.016108,0.535377
"DLK1",0.419682,0.647774
"DLL4",-0.0165801,0.889265
"DMD",-0.00904469,0.533215
"DMP1",-0.0646612,0.650238
"DNAJA1",-0.0220015,0.472868
"DNAJA2",0.0066611,0.924067
"DNAJA4",-0.00233462,0.762023
"DNAJB1",0.0207224,0.987634
"DNAJB14",-0.0373906,0.673783
"DNAJB2",-0.186939,0.570639
"DNAJB6",-0.0951231,0.865486
"DNAJB8",0.000294695,0.623901
"DNAJC21",0.0250173,0.405537
"DNAJC6",-0.134841,0.877808
"DNAJC9",0.0320363,0.812519
"DNER",-0.0829535,0.303257
"DNLZ",0.0254367,0.912242
"DNM1",-0.00504817,1.18375
"DNM3",0.113963,0.573392
"DNMBP",-0.00896053,0.696731
"DNPEP",0.145382,0.60911
"DNPH1",0.0374635,0.589032
"DOC2B",0.0149643,0.366616
"DOCK9",0.0309546,1.19785
"DOK1",-0.034664,1.41979
"DOK2",-0.0255681,1.36407
"DPEP1",0.0370222,0.557462
"DPEP2",-0.0492698,0.29405
"DPP10",-0.0403717,0.406131
"DPP4",-0.217812,0.331056
"DPP6",0.0719985,0.40011
"DPP7",0.00249543,0.671115
"DPT",0.307826,0.336776
"DPY30",-0.103764,0.691015
"DRAXIN",-0.0184085,0.48721
"DRG2",0.0234206,0.63204
"DSC2",0.173632,0.389878
"DSCAM",-0.0573152,0.373106
"DSG2",-0.0519688,0.312883
"DSG3",0.00458586,0.403195
"DSG4",0.0782462,0.577332
"DTD1",-0.0230776,0.896113
"DTNB",0.0037265,0.48201
"DTX2",0.0060075,0.652068
"DTX3",0.0918774,0.287269
"DTYMK",-0.0226696,0.726598
"DUOX2",0.0257255,0.798263
"DUSP13",-0.0626891,0.435833
"DUSP29",-0.00156349,0.687367
"DUSP3",-0.00217258,0.946674
"DUT",0.00546254,1.08001
"DXO",0.0226958,0.475324
"DYNC1H1",0.00832844,0.489018
"DYNLT1",0.00451035,0.833024
"DYNLT3",0.0134506,0.457279
"EBAG9",0.00519141,1.05931
"EBI3_IL27",0.193569,0.356478
"ECE1",-0.10593,0.387766
"ECHDC3",-0.0246237,0.789292
"ECHS1",0.0199221,1.00952
"ECI2",-0.0367606,0.635393
"ECM1",-0.067714,0.379032
"ECSCR",0.0555782,0.523155
"EDA2R",1.13587,0.514902
"EDAR",0.0076398,1.02783
"EDDM3B",0.0291452,0.886685
"EDEM2",0.00829301,0.375214
"EDF1",-0.00609811,0.716436
"EDIL3",-0.0466237,0.417422
"EDN1",-0.0555286,0.318858
"EDNRB",0.00270023,0.460437
"EEF1D",-0.131448,0.972085
"EFCAB14",0.00166773,0.295359
"EFCAB2",0.0115363,0.360494
"EFEMP1",0.895084,0.385325
"EFHD1",0.248951,0.383168
"EFNA1",-0.0499745,0.313081
"EFNA4",-0.220806,0.341227
"EFNB2",4.72781e-05,0.599385
"EGF",-0.0500464,1.15621
"EGFL7",-0.0125012,0.460003
"EGFLAM",0.0325022,0.321271
"EGFR",-0.47083,0.186177
"EGLN1",-0.0586489,0.613093
"EHBP1",-0.0663524,0.786955
"EHD3",-0.0802394,1.20011
"EIF1AX",0.0733488,0.570789
"EIF2AK2",0.00789795,1.14308
"EIF2AK3",0.0602105,0.687739
"EIF2S2",0.0218798,0.434773
"EIF4E",-0.00679424,0.925419
"EIF4EBP1",-0.0170687,0.737988
"EIF4G1",-0.142702,1.11868
"EIF4G3",-0.00577821,0.693025
"EIF5",0.034871,0.448132
"EIF5A",-0.0107602,0.327494
"ELAC1",0.000952353,0.885168
"ELAVL4",-0.0201726,0.865866
"ELN",1.62525,0.490093
"ELOA",-0.00220446,0.625037
"ELOB",-0.0610661,0.402605
"ENAH",-0.0550025,0.527123
"ENDOU",0.096215,0.602181
"ENG",-0.545531,0.193712
"ENO1",-0.0442181,0.87416
"ENO2",0.0512311,0.735134
"ENO3",-0.124537,0.664772
"ENOPH1",-0.00139977,0.565387
"ENOX2",0.0422675,0.285848
"ENPEP",-0.0015171,0.450145
"ENPP2",-0.419935,0.37343
"ENPP5",-0.120157,0.508935
"ENPP6",-0.0834127,0.408058
"ENPP7",0.0249992,0.975021
"ENSA",-0.00762383,0.540224
"ENTPD2",-0.0208179,0.484754
"ENTPD5",-0.00614534,0.237076
"ENTPD6",-0.072674,0.303852
"ENTR1",-0.0255253,0.622978
"EP300",0.0830583,0.312484
"EPB41L5",-0.0302556,0.652796
"EPCAM",-0.0957138,1.10018
"EPGN",-0.0296478,0.486833
"EPHA1",0.258048,0.412237
"EPHA10",-0.00138486,0.711959
"EPHA2",0.0338144,0.351331
"EPHA4",-0.42324,0.293866
"EPHB4",-0.060287,0.274639
"EPHB6",-0.131061,0.346732
"EPHX2",-0.0157943,0.681971
"EPN1",0.0467382,0.441958
"EPO",0.0333705,0.86619
"EPPK1",0.0126301,0.764058
"EPS8L2",-0.0310865,0.352919
"ERBB2",-0.00440582,0.297232
"ERBB3",-0.0336545,0.226748
"ERBB4",0.308119,0.277936
"ERBIN",-0.00564125,1.14956
"ERC2",-0.0134849,0.763859
"ERCC1",0.0133692,0.334775
"EREG",0.0586997,0.894021
"ERI1",0.00920814,0.351805
"ERMAP",-0.0252953,0.4808
"ERN1",0.0588099,0.397602
"ERP29",-0.0600529,1.22056
"ERP44",0.042483,0.292611
"ERVV-1",-0.00471576,0.465766
"ESAM",-0.00423226,0.358791
"ESM1",0.0767026,0.405214
"ESPL1",0.0367904,0.569424
"ESR1",0.0856196,0.595253
"ESYT2",-0.00323764,0.863309
"EVI2B",0.0263836,0.404203
"EVI5",-0.00346282,0.927221
"EVPL",0.0457784,0.341284
"EXOSC10",-0.00991177,0.60925
"EXTL1",0.0203002,0.490602
"EZR",-0.0461248,0.282763
"F10",-0.125791,0.285778
"F11",0.0186865,0.325361
"F11R",-0.283277,0.635139
"F12",-0.0250338,0.436845
"F13B",0.149345,0.269759
"F2R",0.0294717,0.645044
"F3",0.0394175,0.317783
"F9",0.176238,0.2185
"FABP1",0.066986,1.1322
"FABP2",-0.0181731,0.893592
"FABP3",0.0148559,0.599197
"FABP4",-0.301343,0.752092
"FABP5",-0.09942,0.782134
"FABP6",-0.0287702,0.622528
"FABP9",-0.079284,0.638806
"FADD",-0.0018117,0.839759
"FAM13A",-0.0742461,0.708289
"FAM171A2",0.00173755,1.64063
"FAM171B",-0.0532923,0.280819
"FAM172A",-0.0527433,0.634587
"FAM20A",-0.0140332,0.318661
"FAM3B",-0.0703012,0.407512
"FAM3C",0.106092,0.33836
"FAM3D",0.0147016,0.877971
"FAP",0.386152,0.313597
"FARSA",-0.0186537,0.716135
"FAS",0.0486387,0.390338
"FASLG",-0.349327,0.445218
"FBLN2",-1.04842,0.347028
"FBN2",-0.0610343,0.609556
"FBP1",-0.0139264,0.845559
"FCAMR",0.00352129,0.824598
"FCAR",0.0219412,0.541427
"FCER1A",0.0106898,0.246798
"FCER2",0.0336757,0.575643
"FCGR2A",0.063587,0.67694
"FCGR2B",0.00558746,0.647683
"FCGR3B",-0.0161311,0.560333
"FCN1",0.0335709,0.603573
"FCN2",0.013897,0.467489
"FCRL1",-0.0928968,0.517213
"FCRL2",0.210455,0.556496
"FCRL3",0.020027,0.600907
"FCRL5",-0.0690266,0.683894
"FCRL6",0.042925,0.775829
"FCRLB",-0.0449906,0.683577
"FDX1",-0.0480199,0.64724
"FDX2",-0.0304599,0.583969
"FEN1",0.0376094,0.729498
"FES",0.0967761,0.522658
"FETUB",-0.120524,0.384953
"FGA",0.207086,0.338966
"FGD3",-0.00343104,0.83786
"FGF12",-0.00981854,0.466122
"FGF16",0.0406883,0.483549
"FGF19",0.0844119,0.878074
"FGF2",-0.0408217,0.757577
"FGF20",0.0301579,0.4446
"FGF21",-0.0111272,1.43075
"FGF23",-0.141323,0.655686
"FGF3",-0.0018278,0.308845
"FGF5",0.278479,0.392199
"FGF6",-0.0145079,0.420091
"FGF7",-0.00802691,0.809624
"FGF9",-0.0357216,0.416889
"FGFBP1",-0.0188664,0.375247
"FGFBP2",0.0773375,0.526573
"FGFBP3",0.361584,0.391996
"FGFR2",0.00143946,0.263263
"FGFR4",-0.030003,0.552468
"FGL1",-0.0489803,0.713792
"FGR",0.00524417,0.672831
"FH",-0.0151809,0.856144
"FHIP2A",-0.01862,0.493517
"FHIT",-0.021325,0.81435
"FIS1",-0.0959711,0.860984
"FKBP14",-0.0327939,1.03368
"FKBP1B",0.00254515,1.22871
"FKBP4",-0.0718449,0.491884
"FKBP5",-0.0284588,1.05574
"FKBP7",-0.000747127,0.524749
"FKBPL",0.0253849,0.614704
"FLI1",0.00466261,1.2317
"FLT1",-0.0680037,0.246665
"FLT3",-0.0767287,0.340301
"FLT3LG",0.302559,0.400299
"FLT4",0.231555,0.388911
"FMNL1",-0.0285104,0.726314
"FN1",0.0455174,0.286469
"FNDC1",-0.0168213,0.499417
"FNTA",-0.000377799,0.368438
"FOLH1",-0.0305912,1.10221
"FOLR1",-0.0777909,0.33481
"FOLR2",0.139623,0.346883
"FOLR3",0.0277975,2.13295
"FOS",0.0582832,0.366054
"FOSB",-0.00344921,0.429945
"FOXJ3",-0.0379419,0.455962
"FOXO1",-0.0460977,0.94583
"FOXO3",-0.0231433,1.06261
"FRMD4B",0.00742264,0.731406
"FRMD7",0.00352236,0.338923
"FRZB",0.0869698,0.301464
"FSHB",0.351237,1.0451
"FST",0.0470746,0.581111
"FSTL1",-0.262877,0.236995
"FSTL3",0.152268,0.391963
"FTCD",0.057566,0.951084
"FUCA1",-0.000524544,0.930083
"FUOM",-0.0118691,0.698084
"FURIN",0.104913,0.421833
"FUS",-0.0383802,0.444805
"FUT1",-0.0271823,0.644982
"FUT3_FUT5",0.0226121,0.550197
"FUT8",-0.00423101,0.651778
"FXN",-0.099803,0.82107
"FXYD5",-0.0311585,0.715806
"FYB1",0.179811,1.03775
"FZD10",-0.0151966,0.606591
"FZD8",-0.000594894,0.4393
"GABARAP",-0.0321586,0.507544
"GABARAPL1",-0.004523,0.677483
"GABRA4",-0.025635,0.655468
"GAD1",0.0144114,0.265985
"GAD2",0.0323793,0.471006
"GADD45B",0.00799186,0.501766
"GADD45GIP1",0.0132749,0.544526
"GAGE2A",-0.00633015,0.645774
"GAL",0.00166319,0.766928
"GALNT10",0.0450035,0.31991
"GALNT2",-0.00183586,0.297908
"GALNT3",-0.0615828,0.467512
"GALNT5",-0.00239737,0.293076
"GALNT7",-0.125491,0.231691
"GAMT",0.0240351,0.373068
"GAPDH",-0.0597317,0.339524
"GART",0.0184075,0.275451
"GAS2",-0.000915793,0.53985
"GAS6",-0.480617,0.291651
"GASK1A",-0.0168272,0.449203
"GAST",0.0309967,1.3855
"GATA3",0.000233979,0.269698
"GATD3",0.16059,0.797217
"GBA",-0.0364805,0.560437
"GBP1",-0.00393748,0.68625
"GBP2",-0.00678503,0.652352
"GBP4",0.037901,0.533424
"GBP6",-0.00144621,0.458004
"GC",-0.034237,0.269569
"GCC1",0.0181801,1.13098
"GCG",-0.0324666,1.42214
"GCHFR",-0.170884,0.545326
"GCLM",-0.00118349,0.470399
"GCNT1",0.0762893,0.39696
"GDF15",0.62912,0.579784
"GDF2",-0.0810193,0.4325
"GDNF",-0.00180311,0.432086
"GET3",-0.0450605,0.570946
"GFAP",0.828417,0.539266
"GFER",-0.0186955,0.726499
"GFOD2",-0.0107864,1.38243
"GFRA1",-0.446891,0.336002
"GFRA2",0.0571442,0.229089
"GFRA3",-0.0044235,0.323374
"GFRAL",0.350949,0.665927
"GGA1",-0.00543515,0.758573
"GGACT",0.00847841,0.736974
"GGCT",-0.00168218,0.502269
"GGH",-0.0992977,0.406932
"GGT1",-0.00785986,0.61831
"GGT5",-0.108088,0.258127
"GH1",0.0201793,2.14402
"GH2",-0.000282506,1.83995
"GHR",-0.0123531,0.322677
"GHRHR",0.00785986,0.608082
"GHRL",-0.0583648,0.981399
"GID8",-0.0716696,0.343597
"GIGYF2",0.00729461,0.806879
"GIMAP7",0.0206363,0.31768
"GIMAP8",0.0319778,0.523635
"GIP",0.746629,0.569113
"GIPC2",0.242406,0.325402
"GIPC3",-0.0391765,1.02014
"GIPR",0.00620536,0.465192
"GIT1",0.00145797,1.00451
"GJA8",0.00294237,0.6297
"GKN1",-0.00128368,0.304954
"GLA",-0.0115157,0.407111
"GLB1",0.126815,0.471176
"GLI2",0.029343,0.340447
"GLO1",-0.0111138,0.657421
"GLOD4",0.0575155,0.400627
"GLP1R",0.0103053,0.382875
"GLRX",-0.00207031,0.644788
"GLRX5",-0.0608656,0.907379
"GLT8D2",-0.0273067,0.512426
"GLYR1",0.016803,0.620324
"GM2A",0.0333177,0.418392
"GMFG",-0.0367898,0.747085
"GMPR",0.040967,0.568823
"GMPR2",-0.0528035,0.690073
"GNAS",-0.0827919,0.918922
"GNE",-0.0121292,0.722888
"GNGT1",0.00511589,0.529436
"GNLY",-0.0243755,0.596283
"GNPDA1",0.0157037,0.342479
"GNPDA2",0.189604,0.377409
"GOLGA3",0.00939697,0.811293
"GOPC",0.00621075,1.1293
"GORASP2",0.0321245,0.489862
"GP1BA",0.0960375,0.363145
"GP1BB",0.0260002,0.695015
"GP2",0.106196,0.975728
"GP5",0.000354614,0.373228
"GP6",-0.0126399,0.986585
"GPA33",0.0515322,1.5252
"GPC1",-0.00425707,0.333306
"GPC5",-0.0356411,0.631097
"GPD1",-0.0646699,0.595521
"GPHA2",0.047854,0.486893
"GPI",-0.047989,0.492417
"GPIHBP1",0.0129623,0.736609
"GPKOW",-0.0514107,0.326326
"GPNMB",-0.164812,0.316704
"GPR101",-0.0212465,0.616111
"GPR158",0.0168266,0.373016
"GPR15L",0.00185416,0.678102
"GPR37",-0.0235874,0.748457
"GPRC5C",0.0154752,0.581451
"GRAP2",0.2083,1.4283
"GRHPR",-0.0132672,0.669085
"GRIK2",0.140248,0.432111
"GRIN2B",-0.00906526,0.577541
"GRK5",-0.0192461,0.554819
"GRP",-0.0408457,0.555869
"GRPEL1",0.0260261,0.682785
"GRSF1",0.0100315,0.828278
"GSAP",-0.0246136,0.950416
"GSR",-0.0892504,0.237683
"GSTA1",-0.0761238,1.03191
"GSTA3",0.0257214,0.900681
"GSTM4",-0.014619,0.733741
"GSTP1",0.0595337,0.728948
"GSTT2B",0.00824182,2.47267
"GTF2IRD1",-0.0198482,0.732896
"GTPBP2",0.0994837,0.83151
"GUCA2A",-0.0132164,0.377216
"GUCY2C",-0.0275677,0.855654
"GUK1",-0.0184658,0.411535
"GUSB",0.00926681,0.757328
"GYS1",0.0762317,1.0166
"GZMA",-0.0580272,0.3961
"GZMB",0.115007,0.718599
"GZMH",-0.00711535,0.822493
"H2AP",-0.00128347,0.516263
"HADH",0.0357142,0.675924
"HAGH",0.00171075,0.844305
"HAO1",-0.0309664,1.51777
"HARS1",0.0645313,0.863391
"HAVCR1",0.153222,0.780936
"HAVCR2",-0.0150936,0.408028
"HBEGF",-0.00159191,0.830857
"HBQ1",-0.111491,0.707222
"HBZ",0.00772024,1.10336
"HCG22",-0.00978249,0.559529
"HCLS1",-0.0299775,0.626414
"HDAC8",0.0297392,0.636846
"HDAC9",0.0272472,0.658206
"HDDC2",-0.0428001,0.461243
"HDGF",0.0196513,1.05424
"HDGFL2",-0.0475671,0.674083
"HEBP1",-0.0245972,0.597258
"HEG1",-0.0107225,0.295718
"HEPACAM2",0.169379,0.440517
"HEPH",-0.00200188,0.283992
"HEXIM1",-0.00206893,0.914131
"HGF",-0.108687,0.439458
"HGFAC",0.154903,0.294504
"HGS",-0.0742655,0.861766
"HHEX",-0.0354125,0.809399
"HIF1A",-0.0242976,0.670372
"HIP1",-0.0181406,0.346506
"HIP1R",-0.0910019,0.474021
"HJV",0.0333789,0.465193
"HLA-A",0.00016121,0.338542
"HLA-DRA",-0.0194383,0.395343
"HLA-E",-0.00645389,0.328185
"HMBS",-0.0353419,0.496755
"HMCN2",-0.146239,0.598967
"HMGCL",0.00412748,0.507644
"HMGCS1",0.0207609,0.448023
"HMMR",0.000432981,0.491261
"HMOX1",-0.0210984,0.545525
"HMOX2",-0.0397436,0.52049
"HNF1A",-0.0624225,0.73725
"HNMT",0.057,0.562402
"HNRNPK",-0.00925442,0.829955
"HNRNPUL1",-0.00839479,0.523864
"HPCAL1",0.0112611,0.825701
"HPGDS",0.0329755,0.41733
"HPSE",-0.0122401,0.97507
"HRAS",-0.0281023,1.01067
"HRC",-0.119713,0.360127
"HRG",-0.000919996,0.333305
"HS1BP3",0.00697948,0.926532
"HS3ST3B1",-0.0342952,0.417296
"HS6ST1",-0.012892,0.387827
"HS6ST2",-0.167845,0.362085
"HSBP1",0.0443868,0.979287
"HSD11B1",-0.370469,0.464657
"HSD17B14",-0.0517894,0.649645
"HSD17B3",0.0635424,0.494754
"HSDL2",-0.0165605,0.500199
"HSP90B1",-0.00580733,0.734788
"HSPA1A",-0.224359,0.806019
"HSPA2",-0.0676308,0.35921
"HSPB1",-0.0079934,0.763066
"HSPB6",0.11851,0.498846
"HSPG2",-0.382268,0.304467
"HTR1A",-0.0140142,0.782324
"HTR1B",0.0764996,0.439506
"HTRA2",-0.173514,0.688026
"HYAL1",0.0846744,0.258603
"HYOU1",-0.0670382,0.248984
"ICA1",0.00200071,0.875866
"ICAM1",0.0281765,0.337403
"ICAM2",-0.0191991,0.355324
"ICAM3",0.164841,0.291948
"ICAM4",0.00224534,0.593773
"ICAM5",-0.0590004,0.532356
"ICOSLG",-0.13966,0.212582
"ID4",0.00124189,0.453842
"IDI2",0.0333497,0.535436
"IDO1",0.0435969,0.673264
"IDUA",0.0119871,0.518779
"IFI30",-0.0692283,0.442202
"IFIT1",0.0695835,0.534369
"IFIT3",0.0760937,0.392293
"IFNAR1",0.0164995,0.265326
"IFNG",-0.0105404,1.27317
"IFNGR2",-0.000338309,0.591141
"IFNL1",-0.0286347,0.497301
"IFNL2",-0.0236716,0.638264
"IFNLR1",-0.0930654,0.421853
"IFNW1",0.00256236,0.365893
"IFT20",0.00250308,0.450731
"IGBP1",0.00176952,0.642821
"IGDCC3",0.00433147,0.501841
"IGDCC4",-0.953206,0.291218
"IGF1R",0.132452,0.243583
"IGF2BP3",0.0134646,0.475329
"IGF2R",0.124885,0.270309
"IGFBP1",-0.10204,1.54504
"IGFBP2",0.0806601,0.810316
"IGFBP3",0.111149,0.344962
"IGFBP4",0.105781,0.509209
"IGFBP6",0.188511,0.371414
"IGFBP7",-0.052953,0.358365
"IGFBPL1",0.0225815,0.40203
"IGFL4",-0.0428616,0.760074
"IGHMBP2",-0.02937,0.581847
"IGLC2",-0.106984,0.260436
"IGLON5",0.000207958,0.94554
"IGSF21",-0.0360092,0.419869
"IGSF3",-0.113293,0.421593
"IGSF8",-0.229419,0.341777
"IGSF9",0.126541,0.982479
"IKBKG",0.00955658,1.0185
"IKZF2",-0.0157905,1.00737
"IL10",-0.0310733,0.898055
"IL10RA",-0.00292307,0.645324
"IL10RB",-0.0463297,0.334422
"IL11",0.023501,0.69416
"IL12A_IL12B",-0.0392045,0.910102
"IL12RB1",8.16993e-05,0.41351
"IL12RB2",0.0119084,0.430046
"IL13",-0.0299112,0.531712
"IL13RA1",-0.00547585,0.255048
"IL13RA2",0.000512035,0.293424
"IL15",-0.285568,0.370353
"IL15RA",-0.0102577,0.391619
"IL16",0.0573905,0.481693
"IL17A",-0.0269239,0.472398
"IL17C",0.0256535,0.788683
"IL17D",0.332173,0.398642
"IL17F",-0.00603743,0.846068
"IL17RA",-0.024403,0.497201
"IL17RB",0.0743845,0.619693
"IL18",0.0443255,0.539836
"IL18BP",0.142324,0.356947
"IL18R1",-0.0100019,0.397056
"IL18RAP",-0.0345125,1.92797
"IL19",0.0263829,0.794464
"IL1A",0.00659666,0.627281
"IL1B",0.0245269,0.625434
"IL1R1",-0.199187,0.254082
"IL1R2",-0.00354716,0.22609
"IL1RAP",0.0223021,0.516893
"IL1RL1",-0.0802228,0.563325
"IL1RL2",0.103,0.4525
"IL1RN",-0.00137943,0.691242
"IL2",-0.0311729,0.337218
"IL20",0.0168575,0.546526
"IL20RA",0.0256706,0.494439
"IL20RB",0.0194772,0.431447
"IL21R",0.00991867,0.563023
"IL22",0.0716541,0.733059
"IL22RA1",0.0119885,0.477383
"IL24",0.0112563,0.527407
"IL25",0.00518026,0.351133
"IL2RA",-9.82032e-05,0.462873
"IL2RB",-0.0628612,0.413517
"IL2RG",-0.00712726,0.387177
"IL3",-0.00520955,0.616031
"IL31",0.0344728,0.577973
"IL31RA",-0.0811078,0.40794
"IL32",0.0124967,0.496144
"IL33",0.00645013,0.42217
"IL36A",-0.0489766,0.58608
"IL36G",0.00242144,0.69954
"IL3RA",-0.179588,0.361879
"IL4",0.000555847,0.985841
"IL4R",-0.0179236,0.405073
"IL5",-0.0136056,1.57549
"IL5RA",0.180527,0.639313
"IL6",0.0250386,0.89142
"IL6R",-0.0663175,0.384424
"IL7",0.0364666,0.717335
"IL7R",-0.13661,0.60614
"IL9",0.00762485,0.572326
"ILKAP",0.000447316,0.63693
"IMMT",-0.0160134,0.478256
"IMPA1",0.0120027,0.673141
"IMPACT",0.105707,0.592219
"IMPG1",-0.0122074,0.3068
"ING1",-0.0325331,0.510227
"INHBB",-0.00976461,0.566473
"INHBC",0.148762,0.511067
"INPP1",0.0021226,0.60338
"INPP5D",0.00933339,0.608733
"INPPL1",-0.0452213,1.09023
"INSL3",-0.223394,1.50466
"INSL4",-0.0041281,0.526564
"INSL5",-0.0148269,1.05572
"INSR",0.0230326,0.173394
"IPCEF1",-0.12306,1.00626
"IQGAP2",0.00344839,0.607963
"IRAG2",-0.0340453,0.967529
"IRAK1",0.0195012,0.768211
"IRAK4",0.0257895,1.15976
"ISLR2",-0.116326,0.417
"ISM1",0.0166682,0.458921
"ISM2",0.0293147,0.449999
"IST1",-0.0524059,1.02326
"ITGA11",-0.0860791,0.39318
"ITGA2",-0.0792256,0.363412
"ITGA5",-0.077995,0.297458
"ITGA6",0.0072499,0.590029
"ITGAL",0.0546389,0.458109
"ITGAM",-0.014474,0.362387
"ITGAV",0.699058,0.195028
"ITGAX",-6.21137e-05,0.543441
"ITGB1BP1",-0.00197157,0.445221
"ITGB1BP2",-0.103546,1.22915
"ITGB5",0.729506,0.423292
"ITGB6",-0.00908181,0.356335
"ITGB7",-0.183585,0.516182
"ITGBL1",0.307763,0.407172
"ITIH1",0.0373233,0.195206
"ITIH3",-0.000795909,0.455175
"ITIH4",-0.0499597,0.283553
"ITIH5",-0.0749792,0.463251
"ITM2A",0.00858802,0.657146
"ITPA",-0.016924,0.696905
"ITPR1",-0.00703629,0.712622
"ITPRIP",-0.00206181,0.472335
"IVD",0.0199583,0.538136
"IZUMO1",-0.00373942,0.490691
"JAM2",-0.0742972,0.296098
"JAM3",0.000505164,0.514099
"JCHAIN",0.0450194,0.682984
"JMJD1C",0.0269714,0.576774
"JPT2",-0.0380979,0.904358
"JUN",-0.0085775,0.552391
"KAZALD1",-0.0657005,0.513297
"KAZN",-0.0284794,1.09702
"KCNC4",-0.00485233,0.569846
"KCNH2",-0.0131684,0.77993
"KCNIP4",-0.0606245,0.553553
"KCTD5",0.0317955,0.47511
"KDM3A",0.0292949,0.934427
"KDR",-0.0524157,0.289209
"KEL",-0.00631745,0.414458
"KHDC3L",0.0338905,0.685404
"KHK",-0.0178073,0.680824
"KIAA0319",0.0112424,0.32974
"KIAA1549",-0.00666421,0.717019
"KIAA1549L",0.00321122,0.290748
"KIAA2013",-0.0215323,0.575444
"KIF1C",-0.0220015,0.369224
"KIF20B",0.00629119,0.78183
"KIF22",0.0310003,1.2652
"KIFBP",0.0256163,0.920931
"KIR2DL2",0.0722973,0.913132
"KIR2DL3",-0.0160906,0.867743
"KIR2DS4",0.0168504,1.77664
"KIR3DL1",-0.00227089,1.35561
"KIR3DL2",-0.00547147,0.858638
"KIRREL1",0.0121149,0.598716
"KIRREL2",-0.0941267,0.44665
"KIT",-0.52154,0.345441
"KITLG",0.000980577,0.422617
"KLB",-0.00410275,0.824302
"KLF4",-0.0397861,0.423301
"KLHL41",-0.0448322,0.527841
"KLK1",0.0279884,1.42433
"KLK10",-0.139144,0.445962
"KLK11",0.0542202,0.339617
"KLK12",0.0299627,1.53339
"KLK13",-0.0806483,0.509548
"KLK14",-0.233759,0.533812
"KLK15",0.0605802,0.534269
"KLK3",0.358831,1.59369
"KLK4",0.186206,0.746989
"KLK6",0.317693,0.343512
"KLK7",-0.312824,0.410614
"KLK8",-0.292392,0.407371
"KLKB1",0.0350305,0.268916
"KLRB1",0.0146226,0.434465
"KLRC1",-0.0122633,0.62137
"KLRD1",0.0705867,0.543971
"KLRF1",0.165303,0.46538
"KLRK1",-0.177907,0.4799
"KRT14",-0.00552697,0.310105
"KRT17",0.046442,0.394145
"KRT18",-0.15015,0.999825
"KRT19",-0.0163748,0.760871
"KRT5",-0.090233,0.572093
"KRT6C",-0.0248001,0.397052
"KRT8",0.0694901,0.741695
"KYAT1",0.0964708,0.624773
"KYNU",0.0054284,0.536218
"L1CAM",0.630933,0.333436
"L3HYPDH",0.0793052,0.931257
"LACRT",-0.0360963,0.517322
"LACTB2",0.0218155,0.72771
"LAG3",0.145798,0.468568
"LAIR1",0.00532392,0.463416
"LAIR2",-0.000298035,1.17715
"LAMA1",-0.0015472,0.546127
"LAMA4",-0.318284,0.378072
"LAMB1",0.0384417,0.314923
"LAMP1",0.0525899,0.288748
"LAMP2",-0.0597728,0.224824
"LAMP3",0.0310217,0.666554
"LAMTOR5",0.0183776,0.425107
"LAP3",0.0771396,0.537927
"LARP1",-0.00608138,0.658696
"LAT",-0.0142856,0.858442
"LAT2",-0.0264424,1.40511
"LATS1",-0.0132509,0.872593
"LAYN",0.14484,0.394364
"LBP",-0.0310877,0.660001
"LBR",-0.165995,0.782933
"LCAT",-0.0794914,0.24265
"LCN15",-0.0275595,0.644531
"LCN2",0.0368969,0.42884
"LCP1",-0.0416956,0.502955
"LDLR",0.0219003,0.627715
"LDLRAP1",-0.0344173,1.01889
"LECT2",0.436599,0.786623
"LEFTY2",0.21068,0.623174
"LEG1",-0.0348568,0.715659
"LELP1",-0.000400001,0.746698
"LEO1",0.07753,0.316365
"LEP",-0.15901,1.29948
"LEPR",0.23543,0.362104
"LETM1",0.00282563,0.552188
"LGALS1",-0.0623588,0.395538
"LGALS3",0.00830319,0.348519
"LGALS3BP",-0.128502,0.332456
"LGALS4",0.11845,0.637481
"LGALS7_LGALS7B",0.090361,0.4872
"LGALS8",0.0083903,0.686025
"LGALS9",-0.0746884,0.398959
"LGMN",-0.0135643,0.410099
"LHB",0.025464,1.00098
"LHPP",0.0418046,0.681124
"LIF",0.0102327,0.563746
"LIFR",-0.00536933,0.269784
"LILRA2",0.0236532,0.426209
"LILRA3",-0.0056413,1.44786
"LILRA4",-0.00695951,0.520482
"LILRA5",-0.0772618,0.381861
"LILRA6",-0.00501793,0.768397
"LILRB1",0.0156879,0.319067
"LILRB2",-0.00271764,0.397348
"LILRB4",-0.193163,0.511357
"LILRB5",0.0202172,0.789962
"LIPF",-0.00626318,0.640709
"LMNB1",-0.00123736,0.64518
"LMNB2",0.0339808,0.312894
"LMOD1",0.0698133,0.392974
"LMOD2",-0.0112678,0.640888
"LONP1",-0.0297854,0.898794
"LPA",0.00512077,1.84232
"LPCAT2",-0.0142556,0.471948
"LPL",-0.00878656,0.607686
"LPO",-0.224921,0.68827
"LPP",0.00454255,0.681674
"LRCH4",-0.052681,0.721707
"LRFN2",-0.0532348,0.489459
"LRG1",0.0828624,0.284897
"LRIG1",-0.00769597,0.397506
"LRIG3",0.0176925,0.289574
"LRP1",0.213281,0.308187
"LRP11",0.0302533,0.407863
"LRP2",0.0185921,0.374726
"LRP2BP",0.0115086,0.844399
"LRPAP1",-0.0558066,0.645821
"LRRC25",-0.146689,0.447841
"LRRC37A2",0.00350716,0.443647
"LRRC38",-0.0358622,0.506101
"LRRC59",-0.0104532,0.496538
"LRRFIP1",-0.0261648,0.514651
"LRRN1",-0.0869732,0.447189
"LRTM1",-0.0514094,0.425879
"LSM1",0.0179539,0.608226
"LSM8",0.022612,0.898202
"LSP1",0.0101636,0.463077
"LTA",-0.121744,0.456363
"LTA4H",-0.21199,0.6784
"LTB",-0.00439682,0.361041
"LTBP2",0.893476,0.420912
"LTBP3",0.0240401,0.617302
"LTBR",-0.054962,0.316924
"LTO1",0.0137895,0.451347
"LUZP2",-0.0717168,0.467522
"LXN",0.0948922,0.716476
"LY6D",0.126834,0.421095
"LY75",0.0179188,0.43893
"LY96",0.0145508,0.407813
"LYAR",0.00689055,0.59343
"LYN",-0.0594909,0.954511
"LYPD1",-0.0185005,0.696665
"LYPD3",-0.217375,0.38543
"LYPD8",-0.0781133,0.571372
"LYPLA2",0.00717801,1.09855
"LYSMD3",-0.0173054,1.05331
"LYVE1",-0.209614,0.206656
"LYZL2",0.0190943,0.398955
"M6PR",-0.0027499,0.411109
"MAD1L1",-0.0365395,0.574454
"MAEA",-0.0117117,0.427892
"MAG",-0.00204339,0.482155
"MAGEA3",-0.0173248,0.871054
"MAGED1",-0.0161796,0.522758
"MAMDC2",-0.171514,0.371444
"MAMDC4",0.0716285,0.588353
"MAN1A2",-0.0517878,0.277255
"MAN2B2",0.0443544,0.632383
"MANEAL",0.0141509,0.517673
"MANF",0.000819966,1.34174
"MANSC1",0.0244749,0.304944
"MANSC4",0.0611557,0.689119
"MAP1LC3A",-0.0228047,0.323981
"MAP1LC3B2",0.00753225,0.672426
"MAP2",-0.0572036,0.482493
"MAP2K1",-0.0609693,0.669452
"MAP2K6",0.00298133,1.12006
"MAP3K5",-0.0091423,1.09604
"MAP4K5",-0.0130297,1.24842
"MAPK13",-0.00701849,0.449758
"MAPK9",-0.00292466,0.476834
"MAPKAPK2",0.0135593,0.760685
"MAPRE3",-0.069633,1.489
"MAPT",0.00154223,0.570476
"MARCO",0.0126239,0.30326
"MARS1",0.0908475,0.878827
"MATN2",-0.148378,0.34219
"MATN3",-0.262371,0.365572
"MAVS",-0.0247749,1.02565
"MAX",-0.150793,1.16603
"MB",0.101293,0.676438
"MBL2",-0.0471736,1.12547
"MCAM",0.111681,0.38879
"MCEE",-0.00838743,0.440496
"MCEMP1",-0.010728,0.931768
"MCFD2",-0.0139464,0.487803
"MCTS1",-0.141179,0.271126
"MDGA1",-0.0129403,0.804477
"MDH1",-0.0274807,0.422589
"MDK",-0.185972,0.581771
"MDM1",0.0202674,0.319047
"MECR",-0.0948222,0.944127
"MED21",0.00502298,0.510234
"MEGF10",-0.221892,0.447417
"MEGF11",-0.0257551,0.335812
"MEGF9",0.151775,0.232594
"MELTF",0.114073,0.310807
"MENT",0.121316,0.24925
"MEP1A",-0.0125542,0.772894
"MEP1B",0.0829641,1.32828
"MEPE",-0.394626,0.299363
"MERTK",0.0611267,0.297617
"MESD",0.0127561,1.363
"MET",-0.0427398,0.230631
"METAP1",0.0114992,0.325103
"METAP1D",0.013494,0.915874
"METAP2",-0.00130946,0.646501
"MFAP3",-0.0110041,0.538965
"MFAP3L",-0.00264267,0.672337
"MFAP4",-0.0107192,0.343534
"MFAP5",-0.05423,0.49128
"MFGE8",-0.361394,0.501678
"MGLL",0.109364,0.971978
"MGMT",0.0503075,1.35507
"MIA",-0.152256,0.415655
"MICALL2",0.0153229,0.716698
"MICB_MICA",-0.0303022,1.68392
"MILR1",-0.0288844,0.571141
"MINDY1",0.104706,1.12778
"MITD1",0.0985029,1.08542
"MKI67",-0.000564042,0.406919
"MLLT1",-0.0111483,0.704896
"MLN",0.270498,1.0736
"MME",-0.0677474,0.938279
"MMP1",0.0266796,1.02025
"MMP10",-0.035394,0.666416
"MMP12",0.243587,0.657399
"MMP13",0.00730059,0.353401
"MMP15",-0.0806762,0.513137
"MMP3",-0.166815,0.694989
"MMP7",0.00909097,0.525539
"MMP8",-0.00532947,0.847535
"MMP9",0.101703,0.707798
"MMUT",-0.00353441,0.505699
"MN1",0.00107948,0.597254
"MNAT1",0.0136193,0.454969
"MNDA",0.00670401,1.12129
"MOCS2",0.0492147,0.691552
"MOG",1.06182,0.390625
"MORC3",0.00248007,0.289972
"MORF4L1",0.00472773,0.415418
"MORF4L2",0.00799516,0.382584
"MORN4",0.0204788,0.805334
"MPHOSPH8",-0.00115616,0.811062
"MPI",0.0422378,0.963597
"MPO",0.0395322,0.531224
"MPRIP",0.00949931,0.457212
"MRC1",0.125056,0.319901
"MRI1",0.00529728,0.702044
"MRPL24",0.0190379,0.39774
"MRPL28",-0.0147557,0.383244
"MRPL46",-0.0478594,0.299967
"MRPL52",0.00230685,0.261524
"MRPL58",-0.0203607,0.74369
"MRPS16",-0.0698707,0.300925
"MSLN",-0.0043153,0.690737
"MSLNL",-0.0180222,0.383194
"MSMB",-0.0177608,0.852678
"MSR1",0.00251744,0.562607
"MSRA",0.142258,0.812662
"MST1",-0.0226548,0.666516
"MSTN",-0.0324945,0.645365
"MTDH",0.0107701,0.951636
"MTHFD2",0.0157033,0.268856
"MTHFSD",0.0170821,1.16771
"MTIF3",-0.0397328,0.908005
"MTPN",0.00141119,0.357874
"MTR",0.0243357,0.666454
"MTSS1",-0.066191,1.17128
"MTSS2",-0.0740932,1.03608
"MTUS1",-0.0285907,0.589419
"MUC13",-0.065778,0.568853
"MUC16",-0.0192421,2.07867
"MUC2",0.0857859,0.955026
"MUCL3",0.00293083,0.448109
"MVK",-0.00945144,0.90647
"MXRA8",0.828096,0.352746
"MYBPC1",-0.0404474,0.785018
"MYBPC2",-0.00700948,0.896185
"MYCBP2",-0.0415778,0.698355
"MYDGF",-0.000467355,1.0464
"MYH4",0.0131966,0.472034
"MYH7B",0.00581337,0.447504
"MYH9",-0.0139588,1.18527
"MYL3",0.0691249,0.805295
"MYL4",0.0148675,0.559686
"MYL6B",0.0028272,0.944312
"MYLPF",-0.049831,0.518645
"MYO6",0.0668422,0.382647
"MYO9B",0.0250051,0.730178
"MYOC",-0.034172,0.527995
"MYOM1",0.0019722,0.484237
"MYOM2",-0.0586035,0.52732
"MYOM3",-0.056663,1.02548
"MZB1",-0.219542,0.596975
"MZT1",0.00351032,0.568606
"NAA10",-0.00562402,0.521038
"NAA80",0.0627911,1.24663
"NAAA",0.00304196,0.664608
"NACC1",0.00628528,0.582145
"NADK",0.0326842,0.623073
"NAGA",0.0512204,0.602313
"NAGK",0.12066,0.597085
"NAGPA",-0.278367,0.226416
"NAMPT",-0.00324833,0.600588
"NAP1L4",0.0132681,0.431797
"NAPRT",-0.0244992,0.348937
"NARS1",0.0268968,0.490805
"NBL1",-0.256826,0.2991
"NBN",-0.00500744,0.56986
"NCAM1",0.00725675,0.360131
"NCAM2",-0.0656396,0.314538
"NCAN",-0.20081,0.476455
"NCF2",-0.0255829,0.966086
"NCK2",0.0261075,1.18405
"NCLN",0.0375071,0.583871
"NCR1",0.178927,0.418583
"NCR3LG1",0.0979835,0.370946
"NCS1",0.1088,0.349764
"NDRG1",-0.0372141,0.75972
"NDST1",-0.00259662,0.645532
"NDUFA5",-0.0110651,0.361679
"NDUFB7",-0.203887,0.924684
"NDUFS6",-0.00667103,0.870336
"NEB",0.0128148,0.390345
"NECAP2",0.0557645,0.684001
"NECTIN1",-0.0116851,0.33404
"NECTIN2",-0.00683499,0.327825
"NECTIN4",-0.12362,0.342969
"NEDD4L",0.00804069,0.502528
"NEDD9",0.0619888,0.348949
"NEFL",0.639961,0.556897
"NEK7",-0.00571198,0.766751
"NELL1",0.0531465,0.468384
"NELL2",-0.455159,0.333001
"NENF",-3.34011e-05,1.15654
"NEO1",-0.0871526,0.23206
"NEXN",0.0242179,0.720187
"NFASC",0.133967,0.337909
"NFAT5",-0.0457022,0.893968
"NFATC1",0.115304,1.08771
"NFATC3",-0.111681,0.671282
"NFE2",0.0951202,0.774166
"NFIC",0.000819273,0.446437
"NFKB1",-0.0020701,0.764548
"NFKB2",-0.00280935,0.579374
"NFKBIE",0.0174701,0.54467
"NFU1",-0.0018986,1.06471
"NFX1",0.00671716,0.70513
"NFYA",-0.0481768,0.401949
"NGF",0.00150578,0.132936
"NGFR",-0.0662348,0.303086
"NGRN",0.0373309,0.231999
"NHLRC3",0.224902,0.347002
"NID1",-0.25622,0.436682
"NID2",-0.0488385,0.83577
"NINJ1",0.00970284,0.613878
"NIT1",0.00955242,0.490588
"NIT2",0.0154561,0.777177
"NLGN1",-0.000138516,0.696085
"NLGN2",0.0416558,0.484255
"NME1",0.0165764,0.218761
"NME3",-0.0827851,0.259117
"NMI",-0.0488301,0.747735
"NMNAT1",0.0882681,0.848595
"NMRK2",-0.0140269,0.42059
"NMT1",0.0372347,0.685587
"NOMO1",0.0167081,0.277959
"NOP56",0.000859801,1.13334
"NOS1",0.0116666,0.62595
"NOS2",-0.0327747,0.408107
"NOS3",-0.0600635,0.608999
"NOTCH2",-0.0062858,0.23477
"NOTCH3",0.246106,0.412341
"NPC2",-0.0162749,0.361493
"NPDC1",-0.254143,0.35541
"NPHS1",-0.0846646,0.348635
"NPHS2",-0.0195881,1.05999
"NPL",0.142005,0.531176
"NPPB",-0.00538351,1.50038
"NPPC",-0.199347,0.603431
"NPR1",-0.00448696,0.417894
"NPTN",-0.0250979,0.896892
"NPTX1",0.0280161,0.469366
"NPTX2",0.116148,0.407587
"NPTXR",-0.229844,0.393
"NPY",-0.0678641,0.752896
"NRCAM",-0.371065,0.315953
"NRGN",-0.00592858,0.942824
"NRN1",-0.00152083,0.370212
"NRP1",0.0321703,0.313068
"NRP2",0.0183573,0.333243
"NRTN",-0.0365683,0.550127
"NRXN3",0.0811867,0.361559
"NT5C",-0.00724415,0.767582
"NT5C1A",0.0184552,0.363169
"NT5C3A",0.154251,0.972143
"NT5E",-0.00786853,0.633725
"NTF3",-0.463566,0.399608
"NTF4",-0.0405851,0.426885
"NTRK2",0.171307,0.28801
"NTRK3",0.112855,0.260388
"NPPB",0.0680716,1.24493
"NUB1",0.10366,0.930452
"NUBP1",0.000593603,1.01439
"NUCB2",-0.135386,0.426807
"NUDT10",-0.0642345,0.260272
"NUDT15",-0.00382261,0.525572
"NUDT16",0.0241352,0.911461
"NUDT2",-0.00287446,0.624747
"NUDT5",-0.0014278,0.577766
"NUMB",0.000532442,0.864327
"NUP50",-0.031392,0.33936
"NXPE4",0.0460096,0.350069
"NXPH1",0.0470476,0.419443
"NXPH3",-0.187787,0.321227
"OBP2B",-0.0775658,0.855435
"OCLN",-0.0959461,0.486138
"ODAM",-0.0806743,0.606052
"OFD1",-0.047075,0.678694
"OGA",-0.056037,0.737743
"OGN",0.327558,0.500251
"OGT",0.0041804,0.648735
"OLFM4",0.0110988,1.25541
"OLR1",0.0111813,0.665084
"OMD",0.305704,0.515797
"OMG",0.285168,0.766973
"OMP",-0.00278617,0.500492
"OPHN1",0.0276889,1.13672
"OPLAH",-0.0464429,0.711723
"OPTC",0.0431051,0.52995
"ORM1",0.0128557,0.215087
"OSBPL2",-0.00389451,0.409642
"OSCAR",0.0110812,0.384586
"OSM",-0.0070001,0.834812
"OSMR",0.0477058,0.234484
"OSTN",0.0558982,0.427274
"OTOA",0.0308836,0.543981
"OTUD6B",0.111618,0.609763
"OTUD7B",-0.174733,0.663487
"OXCT1",-0.0209276,0.716593
"OXT",-0.0514932,1.70363
"P4HB",-0.142183,0.441255
"PACS2",-0.0323945,0.642198
"PADI2",-0.0282552,0.632652
"PADI4",0.013025,0.834217
"PAEP",-0.124911,1.58466
"PAFAH1B3",-0.00529871,1.21828
"PAFAH2",-0.000912616,0.506368
"PAG1",-0.123085,0.623411
"PAGR1",0.00648387,0.448145
"PAIP2B",0.00873366,0.539812
"PAK4",0.0308261,0.678321
"PALLD",0.00727973,0.406293
"PALM",-0.267142,0.338337
"PALM2",-0.125205,0.437777
"PALM3",0.0122604,0.77488
"PAM",0.00351709,0.317146
"PAMR1",0.300099,0.332903
"PAPPA",-0.0114624,0.536819
"PARD3",-0.00194859,0.75927
"PARK7",-0.00505834,0.595229
"PARP1",0.0257024,0.619136
"PBK",0.0395855,0.315123
"PBLD",-0.0178475,0.576889
"PBXIP1",-0.0492697,0.318409
"PCARE",-0.010155,0.871587
"PCBD1",-0.0231983,0.520044
"PCBP2",0.00153573,0.750413
"PCDH1",0.0382136,0.239031
"PCDH12",0.0427937,0.263108
"PCDH17",-0.0862715,0.40381
"PCDH7",-0.00455585,0.365305
"PCDH9",0.156112,0.359307
"PCDHB15",0.0124906,0.415051
"PCNA",-0.0514644,0.658871
"PCSK7",0.00999686,0.467905
"PCSK9",0.00253172,0.456897
"PCYT2",0.00240356,0.789627
"PDAP1",-0.00641893,1.01313
"PDCD1",-0.0323602,0.477295
"PDCD1LG2",0.00135454,0.351671
"PDCD5",-0.0895817,0.669533
"PDCD6",-0.0206897,0.783049
"PDCL2",-0.0472404,0.546019
"PDE1C",-0.00112065,0.564778
"PDE4D",-0.00214109,0.626906
"PDE5A",0.0267682,1.07341
"PDGFA",-0.0043278,0.812767
"PDGFB",-0.117695,0.968698
"PDGFC",-0.0631781,0.31979
"PDGFRA",-0.20999,0.321405
"PDGFRB",-0.0038033,0.392229
"PDIA2",-0.0599003,0.412176
"PDIA3",-0.0128491,0.259095
"PDIA4",0.114832,0.635213
"PDIA5",-0.0195477,0.619523
"PDLIM5",0.0180727,1.23518
"PDLIM7",-0.0143111,1.42292
"PDP1",-0.0203348,0.556885
"PDRG1",0.00345138,0.534325
"PDXDC1",0.0236157,0.596139
"PDZD2",-0.00628241,0.620809
"PDZK1",0.00879124,0.473895
"PEAR1",-0.184804,0.251709
"PEBP1",0.00674759,0.666915
"PECAM1",0.299568,0.340614
"PECR",0.00492841,0.292584
"PENK",0.0039317,0.321552
"PEPD",0.003806,0.273039
"PER3",-0.0612858,1.23609
"PF4",-0.0147943,1.00956
"PFDN2",-0.00156956,0.595652
"PFDN4",-0.0289596,0.547743
"PFDN6",-0.0250507,0.668923
"PFKFB2",0.0165659,0.86586
"PGA4",-0.167789,0.751491
"PGD",0.022491,0.566677
"PGF",0.265835,0.318044
"PGLYRP1",-0.0678199,0.486836
"PGLYRP2",-0.0637997,0.314115
"PGLYRP4",-0.0111213,0.633
"PGM2",0.0169382,0.61245
"PGR",0.0140263,1.06248
"PHACTR2",0.0418956,1.19022
"PHLDB1",-0.0265271,0.570348
"PHLDB2",-0.00260949,0.946705
"PHOSPHO1",0.00866999,0.345614
"PHYKPL",-0.0356412,0.434131
"PI3",0.105426,0.638471
"PIBF1",-0.00165571,0.810134
"PIGR",-0.435661,0.438779
"PIK3AP1",-0.00119219,0.687303
"PIK3IP1",0.111355,0.313448
"PIKFYVE",0.0838757,0.574705
"PILRA",0.0923741,0.484397
"PILRB",0.00764889,0.652272
"PINLYP",-0.101819,0.708889
"PITHD1",-0.00733961,0.8168
"PKD1",0.183873,0.295905
"PKD2",0.0325431,0.613379
"PKLR",0.0972239,0.749352
"PKN3",-0.0501921,0.778955
"PLA2G10",-0.0475296,0.691438
"PLA2G15",-0.167932,0.307769
"PLA2G1B",-0.0211661,0.498661
"PLA2G2A",-0.0122156,0.653272
"PLA2G4A",0.003291,0.986153
"PLA2G7",-0.048528,0.373409
"PLAT",0.185192,0.655775
"PLAU",0.216699,0.3335
"PLAUR",-0.213748,0.336566
"PLB1",-0.0677084,0.652123
"PLCB1",-0.0610907,0.459092
"PLCB2",-0.00427379,1.01614
"PLEKHO1",0.0567937,0.730483
"PLG",-0.410793,0.231955
"PLIN1",0.0520108,0.413986
"PLIN3",0.00164729,0.470959
"PLPBP",-0.0255082,0.750537
"PLSCR3",0.0866706,0.615817
"PLTP",-0.0937442,0.428323
"PLXDC1",0.029661,0.37483
"PLXDC2",0.0112026,0.283686
"PLXNA4",0.0368176,0.909993
"PLXNB3",0.293734,0.523201
"PM20D1",0.0104954,2.0976
"PMCH",-0.0185997,0.842554
"PMM2",0.00634298,0.618346
"PMS1",-0.00925188,0.520369
"PMVK",0.0501433,1.21257
"PNLIP",-0.0184513,0.650516
"PNLIPRP1",-0.0796138,0.81895
"PNLIPRP2",0.0024208,3.28969
"PNMA2",0.00102358,0.449463
"PNPT1",-0.0287026,1.32319
"PODXL2",-1.10053,0.315835
"POF1B",0.0047791,0.471578
"POLR2A",-0.0623806,0.301345
"POLR2F",-0.0245284,0.398663
"POMC",0.167823,0.756929
"PON1",-0.0274642,0.279103
"PON2",-0.00860744,0.393124
"PON3",-0.0551465,0.360082
"POSTN",-0.203134,0.394442
"PPBP",-0.108414,0.874338
"PPCDC",-0.0129496,0.53837
"PPIB",-0.0887197,1.05656
"PPIE",-0.00381638,0.634843
"PPIF",0.0383232,0.649126
"PPL",-0.141633,0.339433
"PPM1A",-0.0056004,0.345454
"PPM1B",0.0327607,0.644557
"PPME1",-0.0470827,0.685191
"PPP1CC",0.0349572,0.864587
"PPP1R12A",-0.0543339,1.07282
"PPP1R12B",0.00237829,0.740505
"PPP1R14A",-0.0601907,0.812751
"PPP1R14D",0.00161147,0.396975
"PPP1R2",0.0377675,0.882109
"PPP1R9B",0.0718719,1.07228
"PPP2R5A",0.0941509,1.23228
"PPP3R1",-0.0196217,0.468876
"PPT1",0.00399154,0.78751
"PPY",0.111595,1.18116
"PQBP1",0.0116979,0.630685
"PRAME",0.0310362,0.261527
"PRAP1",-0.214412,0.494864
"PRC1",-0.0230774,0.465913
"PRCP",-0.00299885,0.377754
"PRDX1",-0.0422211,0.93223
"PRDX2",0.0291343,0.668543
"PRDX3",-0.0447229,0.793218
"PRDX5",0.0146488,0.759456
"PRDX6",0.0713503,0.679621
"PREB",0.00597709,0.322167
"PRELP",0.252953,0.266059
"PRG2",0.0344256,0.557102
"PRG3",-0.0715336,0.532918
"PRKAB1",-0.0081635,0.599167
"PRKAR1A",0.0357054,0.924037
"PRKAR2A",0.000681642,0.855418
"PRKCQ",-0.00508404,0.475037
"PRKD2",-0.0180315,0.471725
"PRKG1",0.0821515,1.30366
"PRKRA",-0.00235103,0.75455
"PRL",-0.108496,0.858373
"PRND",-0.220779,0.53391
"PROCR",-0.0148937,0.363581
"PROK1",-0.245533,0.936901
"PROS1",0.11983,0.267237
"PRR4",-0.0447728,0.730677
"PRR5",-0.00800484,0.475102
"PRRT3",-0.263093,0.408022
"PRSS2",0.042799,0.596236
"PRSS22",-0.0756815,0.364129
"PRSS27",-0.0224605,0.44848
"PRSS53",-0.00495382,0.400805
"PRSS8",0.000881628,0.528349
"PRTFDC1",0.00945349,1.23511
"PRTG",-0.310651,0.28121
"PRTN3",-0.00123853,0.521937
"PRUNE2",-0.052171,0.298287
"PSAP",-0.161525,0.306514
"PSAPL1",0.0100684,0.529124
"PSCA",-0.00115655,2.67699
"PSG1",0.0252777,1.2959
"PSIP1",-0.0184019,0.711228
"PSMA1",0.0057602,0.502847
"PSMC3",-0.0175254,0.311689
"PSMD1",-0.0149109,0.521154
"PSMD5",0.0427509,0.565521
"PSMD9",-0.0702199,0.63834
"PSME1",0.00917117,0.425219
"PSME2",-0.00618395,0.419951
"PSMG3",-0.0564667,0.589119
"PSMG4",0.151615,0.604965
"PSPN",-0.133021,1.51882
"PSRC1",-0.00324801,0.657655
"PSTPIP2",0.0128004,1.09525
"PTEN",-0.012635,0.324665
"PTGDS",0.581112,0.34305
"PTGES2",-0.00451164,0.558597
"PTGR1",-0.0117051,0.89278
"PTH",0.0076226,0.856327
"PTH1R",-0.00950975,0.424332
"PTK7",-0.136411,0.4131
"PTN",0.223209,0.583999
"PTP4A3",0.00432976,0.548201
"PTPN1",-0.0143138,0.88342
"PTPN6",-0.0154445,0.992704
"PTPN9",-0.0159097,0.393781
"PTPRB",-0.260879,0.319215
"PTPRC",0.086507,0.241324
"PTPRF",0.0711235,0.333178
"PTPRH",-0.00880637,0.513636
"PTPRK",0.0238881,0.228487
"PTPRM",0.101644,0.277129
"PTPRN2",-0.690885,0.364066
"PTPRR",-1.10685,0.389059
"PTPRS",-0.0147802,0.275919
"PTPRZ1",0.57305,0.371586
"PTRHD1",0.135399,0.617751
"PTS",0.0245323,0.644129
"PTTG1",-0.0407897,0.424626
"PTX3",-0.204679,0.557375
"PVALB",-0.0235359,1.2721
"PVR",-0.0374289,0.415747
"PXDNL",-0.0707878,0.596892
"PXN",-0.00629506,0.593156
"PYDC1",0.0384941,0.431342
"PYY",-0.03051,1.03494
"PZP",-0.138716,0.752869
"QDPR",0.0972218,0.481696
"QPCT",-0.0825774,0.309968
"QSOX1",-0.00602305,0.428267
"RAB10",-0.0228164,0.558356
"RAB11FIP3",0.0196901,1.13206
"RAB27B",-0.108578,0.854664
"RAB2B",-0.0138069,0.635725
"RAB33A",-0.00403584,0.685745
"RAB37",-0.00467368,0.914288
"RAB39B",0.0242922,0.92087
"RAB3GAP1",-0.0011319,0.587872
"RAB44",-0.00813583,0.475253
"RAB6A",0.0236352,0.537655
"RAB6B",0.00564232,0.511589
"RABEP1",0.0301815,0.809664
"RABEPK",-0.0139401,0.654439
"RABGAP1L",-0.000126614,0.665753
"RAC3",-0.00570108,0.70038
"RAD23B",-0.0429382,0.495196
"RAD51",-0.0101935,0.555794
"RALB",0.0108623,0.305966
"RALY",0.00740451,0.513714
"RANBP1",-0.00805052,0.55051
"RANBP2",-0.0111428,0.338878
"RANGAP1",0.00860671,0.529622
"RAP1A",-0.0599771,0.709462
"RAPGEF2",0.00591471,0.546969
"RARRES1",-0.0138477,0.363712
"RARRES2",-0.0270736,0.588176
"RASA1",0.00575156,0.356824
"RASGRF1",-0.0194296,0.445305
"RASSF2",0.00679005,0.650361
"RBFOX3",-0.0365473,0.441903
"RBKS",0.0470763,0.590806
"RBM17",0.0126535,0.793972
"RBM19",-0.00813935,0.480205
"RBM25",0.00800143,0.46807
"RBP1",-0.0170239,0.722063
"RBP2",-0.100469,0.882487
"RBP5",-0.0162135,0.694259
"RBP7",-0.0853781,0.665566
"RBPMS",0.00467488,0.678465
"RBPMS2",-0.00428315,1.07483
"RCC1",0.0451842,0.532958
"RCOR1",-0.0452082,0.484637
"RECK",-0.190865,0.225832
"REEP4",-0.0131394,0.652163
"REG1A",-0.103295,0.552214
"REG1B",0.0606061,0.642386
"REG3A",0.0588444,0.719136
"REG3G",0.0111703,0.413095
"REG4",0.0641168,0.570538
"RELB",0.0222084,0.508437
"RELT",-0.232683,0.34434
"REN",0.0856188,0.887558
"REPS1",-0.0161542,0.39539
"RET",-0.168775,0.463185
"RETN",-0.0393485,0.473342
"REXO2",-0.0186653,0.501272
"RFC4",-0.00549188,0.223137
"RGCC",-0.00281048,0.792697
"RGL2",-0.0207935,0.659694
"RGMA",-0.102695,0.355598
"RGMB",-0.436774,0.298494
"RGS10",0.00283844,0.61872
"RGS8",0.0146626,0.726593
"RHOC",-0.0657979,1.30223
"RICTOR",0.0210784,0.496941
"RIDA",-1.10013e-05,0.550243
"RILP",-0.15774,0.687152
"RILPL2",-0.206444,1.02436
"RIPK4",-0.023035,0.697875
"RLN1",0.0527625,0.733516
"RLN2",-0.0531838,1.21799
"RNASE1",0.0032456,0.280709
"RNASE10",-0.0204928,0.49783
"RNASE3",-0.025741,1.23655
"RNASE6",-0.0157277,0.33545
"RNASEH2A",-0.00454926,0.518067
"RNASET2",-0.02359,0.301846
"RNF149",-0.00751632,0.331676
"RNF168",-0.0118769,0.418606
"RNF31",-0.047396,0.377284
"RNF4",0.00174996,0.676169
"RNF41",-0.0133595,0.750866
"RNF43",-0.00917978,0.594986
"RNF5",0.103699,0.751253
"ROBO1",-0.936414,0.276845
"ROBO2",-0.359117,0.273111
"ROR1",0.0226153,0.360836
"RP2",0.054544,0.471012
"RPA2",-0.0511372,0.319639
"RPE",0.0199415,0.73346
"RPGR",-0.016891,0.421968
"RPL14",-0.0103124,0.418086
"RPS10",0.00662332,0.424479
"RRAS",-0.0325221,1.3406
"RRM2",-0.142404,0.565557
"RRM2B",0.00234933,0.744031
"RRP15",-0.0108219,0.936177
"RSPO1",0.112751,0.396437
"RSPO3",0.140753,0.331989
"RTBDN",-0.000798911,0.33518
"RTKN2",-0.0232017,0.533099
"RTN4IP1",0.00425972,0.952345
"RTN4R",-0.000538615,0.418321
"RUVBL1",0.00343521,1.1403
"RWDD1",0.00713346,0.715891
"RYR1",0.00545597,0.34874
"S100A11",0.0363396,0.519694
"S100A12",-0.00622487,0.846974
"S100A13",0.171391,0.373724
"S100A14",0.0673729,0.542513
"S100A16",0.0085928,0.679739
"S100A3",-0.00157337,0.464082
"S100A4",-0.0755175,0.63608
"S100G",0.216047,0.486103
"S100P",-0.135792,0.620167
"SAA4",-0.0155139,0.325689
"SAG",-0.0341352,0.532081
"SAMD9L",0.0287271,0.80957
"SAP18",0.0226946,0.75111
"SARG",-0.169326,1.14614
"SART1",-0.00340625,0.388315
"SAT1",0.0319831,0.510733
"SAT2",-0.0711041,0.708208
"SATB1",0.00848728,0.311182
"SBSN",-0.177849,0.35905
"SCAMP3",0.162295,0.956331
"SCARA5",-0.00524302,0.35409
"SCARB1",0.00206553,0.623872
"SCARB2",-0.00745443,0.364216
"SCARF1",-0.0241521,0.472411
"SCARF2",1.26414,0.366802
"SCG2",-0.508521,0.36562
"SCG3",-0.195125,0.3885
"SCGB1A1",0.168498,0.651488
"SCGB2A2",-0.0412995,0.317106
"SCGB3A1",-0.0148989,0.281311
"SCGB3A2",0.0474955,0.987513
"SCGN",-0.0846279,0.491619
"SCIN",0.00376783,0.748117
"SCLY",-0.21292,0.577973
"SCN2A",0.00574234,0.49095
"SCN2B",0.00583419,0.292692
"SCN3A",-0.00878978,0.377837
"SCN3B",0.0149564,0.47684
"SCN4B",-0.00712721,0.450952
"SCP2",-0.00141941,0.847572
"SCPEP1",-0.00601863,0.524382
"SCRG1",0.0455694,0.321457
"SCRIB",-0.00377059,0.938158
"SCRN1",0.0943641,0.62068
"SCT",-0.0530492,0.476762
"SDC1",-0.102295,0.44825
"SDC4",0.0569832,0.5186
"SDCCAG8",-0.079669,1.2023
"SDHB",0.0176512,0.697478
"SDK2",-0.200838,0.395758
"SEC31A",-0.0305117,0.791706
"SEL1L",-0.0194631,0.331172
"SELE",-0.105126,0.603396
"SELENOP",0.208384,0.23544
"SELL",-0.0166987,0.245537
"SELP",0.124223,0.639422
"SELPLG",0.0453034,0.326628
"SEMA3F",-0.00119877,0.31475
"SEMA3G",-0.102612,0.456352
"SEMA4C",0.0264001,0.308235
"SEMA4D",0.02961,0.332351
"SEMA6C",-0.0272936,0.271055
"SEMA7A",0.284135,0.313882
"SEPTIN3",0.0889477,0.791863
"SEPTIN7",-0.00300515,0.546216
"SERPINA11",0.00187524,0.515346
"SERPINA12",0.00445991,1.30203
"SERPINA3",0.0701074,0.156724
"SERPINA5",0.16299,0.338659
"SERPINA6",-0.300062,0.195202
"SERPINA9",0.0311534,0.819343
"SERPINB1",-0.031827,1.0104
"SERPINB5",-0.0331068,0.524069
"SERPINB6",0.039216,0.669557
"SERPINB8",-0.0645681,0.657951
"SERPINB9",-0.0108764,0.367305
"SERPINC1",-0.0124636,0.156999
"SERPIND1",-0.0167003,0.310918
"SERPINE1",0.0371643,0.770194
"SERPINE2",-0.146586,0.670669
"SERPINF1",-0.0716421,0.308781
"SERPING1",0.0545436,0.199308
"SERPINH1",-0.00861043,1.33856
"SERPINI1",-0.0212027,0.318749
"SESTD1",0.0315633,0.706998
"SETMAR",-0.00350979,0.359544
"SEZ6",0.0443108,0.323688
"SEZ6L",-0.0514197,0.329734
"SEZ6L2",-0.0285271,0.290487
"SF3B4",-0.000568839,0.831151
"SFRP1",0.0367189,0.513598
"SFRP4",-0.269831,0.44385
"SFTPA1",-0.019004,0.631115
"SFTPA2",-0.00376733,0.592281
"SFTPD",0.0300552,0.774476
"SGSH",-0.0485681,0.585232
"SH2B3",0.00406824,1.09043
"SH2D1A",0.00320608,0.622603
"SH3BGRL2",0.0149345,0.62625
"SH3BP1",-0.0328893,0.514736
"SH3GL3",0.00914821,0.861922
"SH3GLB2",-0.124587,0.712054
"SHBG",0.13468,0.616745
"SHC1",-0.00731845,1.17939
"SHD",-0.0214198,0.875565
"SHH",-0.0503907,0.440978
"SHISA5",0.0568647,0.290119
"SHMT1",-0.00635757,0.965764
"SHPK",0.0518252,0.421316
"SIAE",-0.110699,0.529807
"SIGLEC1",0.00623673,0.501477
"SIGLEC10",0.122303,0.388066
"SIGLEC15",0.00280589,0.863464
"SIGLEC5",0.0160344,1.33946
"SIGLEC6",0.234365,0.375051
"SIGLEC7",0.194469,0.330442
"SIGLEC8",-0.046299,0.491538
"SIGLEC9",0.0356826,0.342951
"SIL1",-0.066689,0.336174
"SIRPA",0.00108445,0.639398
"SIRPB1",0.0152032,0.521887
"SIRT1",-0.115851,0.895919
"SIRT2",-0.180876,0.990074
"SIRT5",0.0127143,0.603834
"SIT1",0.00192626,0.63874
"SKAP1",0.0070518,0.833388
"SKAP2",0.125768,1.17091
"SKIV2L",-0.0159126,0.407646
"SLA2",-0.0554902,1.08715
"SLAMF1",-0.00222117,0.661398
"SLAMF6",-0.0593723,0.417178
"SLAMF7",-0.101508,0.662154
"SLAMF8",-0.0150684,0.600581
"SLC12A2",-0.0588709,0.282107
"SLC13A1",0.00337239,0.624862
"SLC16A1",-0.027019,0.639021
"SLC1A4",-0.0345752,0.52879
"SLC27A4",-0.0167747,0.741755
"SLC28A1",0.0138868,0.610217
"SLC34A3",0.000200149,0.497342
"SLC39A14",-0.0844106,0.367015
"SLC39A5",0.120318,0.632874
"SLC44A4",0.0184996,0.704488
"SLC4A1",0.0345683,0.505037
"SLC51B",0.000808259,0.779536
"SLC9A3R1",-0.00246666,0.871649
"SLC9A3R2",-0.0375763,0.52846
"SLIRP",-0.0278822,0.583176
"SLIT2",0.0199161,0.57192
"SLITRK1",-0.000309304,0.367126
"SLITRK2",0.152299,0.463008
"SLITRK6",-0.12354,0.383116
"SLK",0.00382564,0.807276
"SLMAP",0.0748038,0.87856
"SLURP1",-0.0264464,0.392781
"SMAD1",0.0695813,0.926198
"SMAD2",0.00796288,0.723027
"SMAD3",0.0310917,0.533787
"SMAD5",0.121485,0.231743
"SMARCA2",0.0189074,0.697412
"SMC3",-0.00175736,0.554331
"SMNDC1",-0.0211105,0.660139
"SMOC1",0.00196875,0.403326
"SMOC2",-0.190921,0.463353
"SMPD1",-0.0448796,0.565391
"SMPD3",0.0433273,0.602398
"SMPDL3A",-0.0173426,0.73273
"SMPDL3B",-0.00242686,0.781287
"SMS",-0.0347045,0.656066
"SMTN",-0.00244846,1.0104
"SNAP23",0.00459938,0.972378
"SNAP25",-0.122688,0.488714
"SNAP29",-0.121866,1.01255
"SNAPIN",-0.0012318,0.608657
"SNCA",-0.0629456,1.19328
"SNCG",0.0847923,0.814466
"SNED1",-0.00410661,0.339611
"SNRPB2",-0.0119299,0.479232
"SNU13",0.0157453,0.660326
"SNX15",-0.0183904,0.569228
"SNX18",-0.00298515,0.463362
"SNX2",-0.0555696,0.848102
"SNX5",0.000764936,0.308427
"SNX9",-0.0299048,0.758952
"SOD1",0.0276052,0.528273
"SOD2",-0.30604,0.43457
"SOD3",-0.0311768,0.637406
"SORBS1",0.00147224,0.417119
"SORCS2",0.259926,0.406684
"SORD",-0.045365,0.798644
"SORT1",0.0327554,0.420422
"SOST",-0.0416228,0.466409
"SOWAHA",0.0206229,0.502562
"SOX2",-0.00900334,0.243018
"SOX9",-0.0175511,0.277506
"SPACA5_SPACA5B",-0.0270759,0.307959
"SPAG1",-0.0448446,0.603494
"SPARCL1",0.0996187,0.312426
"SPART",-0.0104409,0.8024
"SPESP1",-0.104672,0.341255
"SPINK1",-0.361028,0.475246
"SPINK2",-0.137725,0.431168
"SPINK4",0.012782,0.739226
"SPINK5",0.0743131,0.379994
"SPINK6",0.0394511,0.643025
"SPINK8",0.0178498,0.378747
"SPINT1",-0.453572,0.288781
"SPINT2",-0.0427037,0.463305
"SPINT3",-0.0604483,2.95883
"SPOCK1",0.153897,0.293529
"SPON1",-0.176812,0.385208
"SPON2",-0.204841,0.395936
"SPP1",-0.306372,0.535217
"SPRED2",-0.0184874,0.454721
"SPRING1",0.00924015,0.615128
"SPRR1B",-0.0363881,0.872149
"SPRR3",-0.0521469,0.758582
"SPRY2",-0.103332,1.02685
"SPTBN2",0.0240725,0.328772
"SPTLC1",-0.0350194,0.387175
"SRC",-0.0941089,1.34639
"SRP14",0.00949866,0.697238
"SRPK2",0.0524321,0.930073
"SRPX",0.347825,0.398594
"SSB",0.0621238,0.638831
"SSBP1",0.047759,0.361075
"SSC4D",-0.070209,1.4881
"SSC5D",0.171845,0.505364
"SSH3",0.0210013,0.302378
"SSNA1",0.00157936,0.536266
"ST13",-0.00674725,0.587107
"ST3GAL1",-0.0946037,0.490104
"ST6GAL1",-0.238716,0.339492
"ST8SIA1",0.0410737,0.499078
"STAB2",0.150198,0.308938
"STAM",-0.0241118,0.390027
"STAT2",0.0155322,0.793596
"STAT5B",0.00077768,1.52999
"STAU1",-0.00511567,0.679656
"STC1",-0.00180342,0.520591
"STC2",-0.210344,0.301658
"STEAP4",-0.017377,0.755242
"STIP1",-0.108325,0.742655
"STK11",-0.139537,0.801879
"STK24",0.0157421,0.680193
"STK4",-0.00768533,0.963027
"STOML2",-0.00757677,0.945704
"STX16",-0.0206324,0.642185
"STX1B",-0.0287058,0.430189
"STX3",0.0482727,0.399145
"STX4",0.00828641,0.682861
"STX5",-0.0156903,0.416966
"STX6",0.0112443,0.74374
"STX7",0.124625,0.528321
"STX8",0.00508924,0.544814
"STXBP1",-0.0221038,0.804678
"STXBP3",0.0287307,0.478118
"SUGP1",0.0346639,0.42335
"SUGT1",-0.00323074,0.889286
"SULT1A1",-0.0414896,1.4483
"SULT2A1",0.00485711,0.652589
"SUMF1",-0.0253346,0.683012
"SUMF2",0.0077626,0.60057
"SUOX",0.054402,0.672688
"SUSD1",-0.00117015,0.535667
"SUSD2",0.243621,0.343238
"SUSD4",0.0016966,0.444469
"SUSD5",0.888714,0.392191
"SV2A",0.00155752,0.636008
"SWAP70",0.00641131,0.374728
"SYAP1",-0.00200966,0.585665
"SYNGAP1",0.00717355,0.582874
"SYT1",0.0246145,0.408182
"SYTL4",0.00515999,0.762386
"TACC3",0.00550213,1.30566
"TADA3",-0.0425482,0.408771
"TAFA5",-0.349302,0.402307
"TAGLN3",-0.000915971,0.620273
"TALDO1",-0.0191092,0.480016
"TANK",-0.0181415,0.766353
"TAP1",0.0135715,0.606867
"TARM1",0.0041455,0.79217
"TARS1",-0.04369,0.384243
"TAX1BP1",-0.00383632,0.669905
"TBC1D17",-0.00685821,0.503744
"TBC1D5",0.023284,0.880751
"TBCA",-0.000591309,0.881609
"TBCB",0.0309253,1.11872
"TBCC",-0.108887,0.906198
"TBL1X",0.0018745,0.943951
"TBR1",0.0182861,0.490197
"TCL1A",0.0144306,1.13044
"TCL1B",-0.0135771,0.877658
"TCN1",-0.00830906,0.350551
"TCN2",-0.0823581,0.345666
"TCOF1",-0.252587,0.330273
"TCP11",0.0200066,0.598185
"TCTN3",-0.0865677,0.321435
"TDGF1",-0.00216652,1.59562
"TDO2",-0.0225998,0.400628
"TDP1",0.0282968,0.741129
"TDRKH",-0.026169,0.943785
"TEF",0.0182429,0.438241
"TEK",-0.0100846,0.243494
"TERF1",0.0475255,0.296746
"TET2",-0.0014693,1.03045
"TEX101",-0.0139713,0.757848
"TEX33",-0.035448,0.403724
"TF",0.0585453,0.228088
"TFAP2A",0.0134518,0.610145
"TFF1",0.133253,0.91806
"TFF2",0.0199099,0.68606
"TFF3",-0.042367,0.511428
"TFPI",0.0257363,0.362117
"TFPI2",-0.0179185,0.45335
"TFRC",-0.134417,0.442973
"TG",-0.0271866,1.17333
"TGFA",-0.000506333,0.534217
"TGFB1",0.0249844,0.440347
"TGFB2",-0.010196,0.545443
"TGFBI",0.0169784,0.305195
"TGFBR1",-0.00691905,0.223644
"TGFBR2",0.332011,0.379086
"TGFBR3",-0.187503,0.362123
"TGM2",-0.127263,0.86268
"THAP12",-0.0262867,0.907172
"THBD",-0.0323857,0.321523
"THBS2",-0.470144,0.425514
"THBS4",-0.185966,0.537351
"THOP1",-0.0212004,0.364992
"THPO",-0.0292775,0.43002
"THRAP3",-0.00899141,1.1596
"THSD1",-0.0308789,0.34486
"THTPA",0.00477398,0.909461
"THY1",-0.027509,0.332785
"TIA1",-0.00224804,1.32693
"TIE1",0.00159579,0.465406
"TIGAR",0.0250258,0.517665
"TIGIT",-0.00398819,0.375576
"TIMD4",0.000344562,0.501541
"TIMM10",0.00900432,0.41626
"TIMP1",0.0791209,0.327815
"TIMP2",-0.0817836,0.268627
"TIMP3",0.00299179,1.48669
"TIMP4",0.0753336,0.471736
"TINAGL1",5.7745e-05,0.255956
"TJAP1",0.00443182,0.932299
"TJP3",-0.00642138,0.430657
"TK1",0.0317278,0.465555
"TLR2",-0.143166,0.238015
"TLR3",0.0228705,0.69267
"TLR4",0.0121122,0.289631
"TMCO5A",0.0069061,0.54958
"TMED1",-0.00879463,0.560164
"TMED10",-0.0414937,0.503052
"TMED4",-0.0167427,0.574604
"TMED8",0.309062,1.07117
"TMEM106A",0.0117466,0.732135
"TMEM132A",-0.0306391,0.647148
"TMEM25",-0.0412896,0.471351
"TMOD4",-0.0419429,0.413349
"TMPRSS11B",-0.00563395,0.780091
"TMPRSS11D",-0.00389343,0.405171
"TMPRSS15",-0.0117152,1.03022
"TMPRSS5",0.124166,0.440969
"TMSB10",0.185376,0.866303
"TNC",-0.0508687,0.539762
"TNF",-0.0802004,0.429974
"TNFAIP2",0.0136397,0.508767
"TNFAIP8",0.000820083,0.397265
"TNFAIP8L2",0.0145113,0.649006
"TNFRSF10A",0.00820413,0.391889
"TNFRSF10B",0.0380954,0.47425
"TNFRSF10C",0.113222,0.555936
"TNFRSF11A",-0.0671178,0.44981
"TNFRSF11B",0.429665,0.361145
"TNFRSF12A",-0.0854906,0.420057
"TNFRSF13B",0.328919,0.385596
"TNFRSF13C",-0.00325768,0.475019
"TNFRSF14",-0.0384954,0.342633
"TNFRSF17",-0.006656,0.426259
"TNFRSF19",-0.074766,0.360414
"TNFRSF1A",0.0169764,0.349613
"TNFRSF21",0.0681499,0.308447
"TNFRSF4",0.0525894,0.435808
"TNFRSF6B",-0.0119753,0.653978
"TNFRSF8",0.0453794,0.508116
"TNFRSF9",0.126772,0.470401
"TNFSF10",-0.155345,0.294942
"TNFSF11",0.0738315,0.700797
"TNFSF12",-0.0467186,0.325485
"TNFSF13",0.422181,0.315834
"TNFSF13B",-0.292591,0.328427
"TNFSF14",0.0327624,0.654875
"TNFSF8",0.118177,0.376828
"TNIP1",0.0123417,0.938512
"TNN",0.00672103,0.457912
"TNNI3",-0.00584217,0.93102
"TNPO1",0.0116637,0.363323
"TNR",-0.052355,0.498944
"TNXB",-0.372259,0.291823
"TOMM20",0.0337398,0.808976
"TOP1",0.0111217,1.19498
"TOP1MT",0.0134509,0.498863
"TOP2B",0.0316822,0.81959
"TOR1AIP1",0.0334522,0.550184
"TP53",-0.0145136,0.46887
"TP53BP1",-0.000622189,0.899714
"TP53I3",-0.0158068,0.549289
"TP53INP1",-0.0441137,0.345221
"TP73",0.000526695,0.35001
"TPBGL",0.00140212,0.424086
"TPD52L2",0.00198076,1.11073
"TPK1",-0.144942,0.289432
"TPM3",-0.130077,0.45272
"TPMT",-0.0158011,0.804365
"TPP1",-0.0838657,0.527572
"TPPP2",0.0090278,0.818151
"TPPP3",-0.0226355,0.430657
"TPR",0.0721859,0.518822
"TPRKB",0.00923698,0.657483
"TPSAB1",0.132728,0.590257
"TPSD1",0.0204203,0.384223
"TPSG1",0.00730789,0.27033
"TPT1",-0.0158058,0.721876
"TRAF2",0.0969626,0.786392
"TRAF3",0.0179669,0.384851
"TRAF3IP2",-0.0217205,0.489848
"TRDMT1",0.0562433,0.873628
"TREH",0.0407187,0.79354
"TREM2",0.108978,0.641443
"TREML1",0.00640328,0.544696
"TREML2",0.132322,0.384255
"TRIAP1",-0.0465523,0.712929
"TRIM21",-0.000316261,0.865381
"TRIM24",0.00211179,0.680409
"TRIM25",-0.108141,1.13481
"TRIM26",-0.00732502,0.58472
"TRIM40",0.0262992,0.74465
"TRIM5",-0.0603413,0.953181
"TRIM58",0.0418815,0.907173
"TRPV3",-0.00365017,0.506219
"TSC1",0.00255286,0.771776
"TSC22D1",-0.0386086,0.695349
"TSHB",-0.0326212,0.860904
"TSLP",-0.00991615,0.661068
"TSNAX",0.0290725,0.412173
"TSPAN1",0.341243,0.680043
"TSPAN15",0.0254196,0.517538
"TSPAN7",-0.00543099,0.958805
"TSPAN8",0.0626401,1.06276
"TSPYL1",0.0148141,0.413707
"TST",0.0569523,0.830549
"TTF2",0.00635058,0.507001
"TTN",-0.0143269,0.700958
"TTR",-0.237066,0.276862
"TUBB3",0.000273617,0.28811
"TWF2",-0.012224,0.877876
"TXK",0.00288341,0.776183
"TXLNA",0.0103738,0.997326
"TXN",-0.0166666,0.458777
"TXNDC15",-0.07795,0.303531
"TXNDC9",0.0184383,0.549639
"TXNL1",0.00629247,1.01627
"TXNRD1",0.311043,0.525332
"TYMP",-0.139702,0.731261
"TYRO3",-0.201151,0.316141
"TYRP1",-0.0722901,0.644363
"UBAC1",-0.12426,0.394631
"UBE2B",-0.0587193,0.300058
"UBE2L6",0.0664737,0.647449
"UBE2Z",-0.0163494,0.605278
"UBQLN3",0.0374602,0.508361
"UBXN1",0.183333,0.713675
"UFD1",-0.00259876,1.45189
"UGDH",-0.00413908,1.02655
"UHRF2",-0.00587867,0.35918
"UMOD",0.0696011,0.632262
"UNC5D",-0.0202224,0.275758
"UNC79",-0.0186597,0.577595
"UNG",-0.0272925,0.355286
"UPB1",-0.0105103,1.01996
"UPK3A",0.0109041,0.504226
"UPK3BL1",0.021904,0.55301
"UROD",-0.0263666,0.721603
"UROS",-0.00905013,0.697843
"USO1",0.0101089,1.00258
"USP25",-0.000659836,0.756991
"USP28",0.0159144,0.38507
"USP47",-0.0352869,0.885032
"USP8",0.0955564,1.05293
"UXS1",-0.0974294,0.583625
"VAMP5",-0.0090621,0.5994
"VAMP8",-0.110599,0.903096
"VASH1",0.00500029,0.90188
"VASN",0.00931661,0.30381
"VASP",-0.0568242,0.751389
"VAT1",-0.0157202,0.221546
"VAV3",0.0564636,1.02334
"VCAM1",0.00921697,0.308564
"VCAN",0.00412013,0.344908
"VCPKMT",-0.0188854,0.887134
"VEGFA",-0.0045495,0.665208
"VEGFC",0.0811025,0.624078
"VEGFD",-0.0851726,0.421804
"VGF",-0.0465765,0.323541
"VIM",-0.00466276,1.26736
"VIT",-0.155653,0.436162
"VMO1",0.0595901,0.766495
"VNN1",0.00518525,0.780001
"VNN2",-0.00163008,0.529357
"VPS28",0.0512761,0.686015
"VPS37A",0.000848526,0.891638
"VPS4B",0.0375929,0.981279
"VPS53",0.0124344,0.874914
"VSIG10",-0.0301632,0.370283
"VSIG10L",0.010016,0.342193
"VSIG2",0.0310784,0.642521
"VSIG4",0.0367422,0.490161
"VSIR",-0.0963525,0.683443
"VSNL1",0.103055,0.431682
"VSTM1",0.00917525,0.542563
"VSTM2B",0.0229817,0.428306
"VSTM2L",4.95409e-05,0.643643
"VTA1",-0.0725092,0.799086
"VTCN1",-0.0555142,0.349537
"VTI1A",0.0538846,0.60452
"VWA1",-0.0458535,0.49283
"VWA5A",-0.0283117,0.811578
"VWC2",0.147188,0.4606
"VWC2L",0.0460629,0.495113
"VWF",0.0569195,0.847598
"WARS1",0.0170883,0.392221
"WAS",0.0787291,0.735789
"WASF1",0.00276099,1.02929
"WASF3",0.0036988,0.901331
"WASHC3",0.0108007,0.802539
"WASL",0.00911694,0.60602
"WDR46",-0.0448985,0.381562
"WFDC1",0.00939592,0.559777
"WFDC12",0.0124474,0.79451
"WFDC2",0.442422,0.483261
"WFIKKN1",0.0276474,0.489472
"WFIKKN2",-0.00550497,0.408971
"WIF1",-0.438198,0.39699
"WNT9A",0.709641,0.343157
"WWP2",0.0498167,0.605051
"XCL1",-0.135772,0.623321
"XG",-0.0397276,0.466745
"XPNPEP2",-0.0300408,1.11805
"XRCC4",-0.0247757,0.408119
"YARS1",0.120836,1.52436
"YES1",-0.163856,1.27783
"YJU2",0.00333496,0.337205
"YOD1",0.0547648,0.667936
"YTHDF3",-0.0256344,0.936732
"YWHAQ",0.161503,0.758331
"YY1",0.020896,0.284229
"ZBP1",0.0273732,0.415665
"ZBTB16",0.0886824,0.802108
"ZBTB17",-0.027806,0.43906
"ZCCHC8",0.0165359,0.618427
"ZFYVE19",0.0533984,0.933317
"ZHX2",0.00941974,0.356802
"ZNF174",0.00681831,0.380089
"ZNF75D",0.000597183,0.631544
"ZNF830",-0.02344,0.829272
"ZNRD2",0.109788,0.73031
"ZNRF4",-0.00190767,0.560665
"ZP3",-0.00474,2.69303
"ZPR1",-0.0248317,0.97293
