"assay","beta"
"FABP4",0.0443721
"IGFBP1",-0.03913
"LEP",0.0360576
"ADM",0.0287167
"AGER",-0.0263372
"KLK6",-0.0157064
"SCGB3A2",-0.0130809
"IL16",0.0126265
"PON3",-0.0107857
"CCL28",-0.00937196
"DNER",-0.00822434
"HSPG2",0.00801689
"MB",0.00697641
"GDF2",-0.00689565
"CSF1",0.00648533
"CXCL11",-0.00603948
"CST5",-0.00602081
"IL18R1",0.00532735
"AGRP",-0.00495063
"SELE",0.00468986
"MMP10",-0.00452469
"TNFSF11",0.00450669
"SFTPD",-0.00448426
"SLAMF1",0.00417763
"IGFBP2",-0.00403238
"HGF",0.00357454
"FGF19",-0.00325264
"FST",0.00306927
"TNFSF10",0.00239529
"MPO",0.00238631
"TNFSF13B",-0.0021965
"GH1",-0.00213545
"RETN",0.0018166
"IL17C",0.00178189
"IL1RL1",0.0014902
"BMP6",-0.0014758
"LDLR",0.00129827
"TGFA",-0.00125328
"CCL25",-0.00121858
"PRSS27",-0.00108631
"IL20",0.000843059
"PTX3",-0.000791778
"ADA",0.000677807
"CEACAM8",0.000676095
"CD163",0.000548947
"SERPINA12",-0.000488801
"LPL",-0.000398494
"EPCAM",-0.000379727
"CCL15",-0.000346001
"TFF3",-0.000341989
"TNFRSF1A",0.00025743
"CD6",0.000256966
"FAS",0.000202947
"CPA1",-0.000133926
"CCL4",0.00012619
"CTSD",0.000100875
"CX3CL1",-8.77958e-05
"IL22RA1",8.01697e-05
"IL1RN",7.59744e-05
"MARCO",5.22418e-05
"EGFR",4.27705e-05
"LIF",3.86321e-05
"NPPB",-2.00295e-05
"ARTN",1.7277e-05
"TNFRSF10A",1.61991e-05
"CSTB",1.45084e-05
"TFRC",1.24934e-05
