"target","assay","weight","source"
"sex","ACRV1",1,"male (+1) / female (-1) markers: Iona 2025 Eur J Epidemiol, Koprulu 2025 Nat Commun, Bergstrom 2026 Nat Commun"
"sex","EDDM3B",1,"male (+1) / female (-1) markers: Iona 2025 Eur J Epidemiol, Koprulu 2025 Nat Commun, Bergstrom 2026 Nat Commun"
"sex","INSL3",1,"male (+1) / female (-1) markers: Iona 2025 Eur J Epidemiol, Koprulu 2025 Nat Commun, Bergstrom 2026 Nat Commun"
"sex","SPINT3",1,"male (+1) / female (-1) markers: Iona 2025 Eur J Epidemiol, Koprulu 2025 Nat Commun, Bergstrom 2026 Nat Commun"
"sex","TEX101",1,"male (+1) / female (-1) markers: Iona 2025 Eur J Epidemiol, Koprulu 2025 Nat Commun, Bergstrom 2026 Nat Commun"
"sex","SPESP1",1,"male (+1) / female (-1) markers: Iona 2025 Eur J Epidemiol, Koprulu 2025 Nat Commun, Bergstrom 2026 Nat Commun"
"sex","TXLNGY",1,"male (+1) / female (-1) markers: Iona 2025 Eur J Epidemiol, Koprulu 2025 Nat Commun, Bergstrom 2026 Nat Commun"
"sex","MSMB",1,"male (+1) / female (-1) markers: Iona 2025 Eur J Epidemiol, Koprulu 2025 Nat Commun, Bergstrom 2026 Nat Commun"
"sex","ACP3",1,"male (+1) / female (-1) markers: Iona 2025 Eur J Epidemiol, Koprulu 2025 Nat Commun, Bergstrom 2026 Nat Commun"
"sex","XG",-1,"male (+1) / female (-1) markers: Iona 2025 Eur J Epidemiol, Koprulu 2025 Nat Commun, Bergstrom 2026 Nat Commun"
"sex","PZP",-1,"male (+1) / female (-1) markers: Iona 2025 Eur J Epidemiol, Koprulu 2025 Nat Commun, Bergstrom 2026 Nat Commun"
"sex","ZP4",-1,"male (+1) / female (-1) markers: Iona 2025 Eur J Epidemiol, Koprulu 2025 Nat Commun, Bergstrom 2026 Nat Commun"
"sex","PAEP",-1,"male (+1) / female (-1) markers: Iona 2025 Eur J Epidemiol, Koprulu 2025 Nat Commun, Bergstrom 2026 Nat Commun"
"sex","OVGP1",-1,"male (+1) / female (-1) markers: Iona 2025 Eur J Epidemiol, Koprulu 2025 Nat Commun, Bergstrom 2026 Nat Commun"
"C_LDL","APOM",0.409,"UK Biobank Olink atlas (Deng 2025), partial r with LDL direct"
"C_LDL","FGFBP1",0.496,"UK Biobank Olink atlas (Deng 2025), partial r with LDL direct"
"C_LDL","LCAT",0.317,"UK Biobank Olink atlas (Deng 2025), partial r with LDL direct"
"C_LDL","LDLR",0.381,"UK Biobank Olink atlas (Deng 2025), partial r with LDL direct"
"C_LDL","PLA2G7",0.648,"UK Biobank Olink atlas (Deng 2025), partial r with LDL direct"
"C_LDL","PROC",0.304,"UK Biobank Olink atlas (Deng 2025), partial r with LDL direct"
"C_LDL","TFPI",0.422,"UK Biobank Olink atlas (Deng 2025), partial r with LDL direct"
"C_CHOL","APOM",0.51,"UK Biobank Olink atlas (Deng 2025), partial r with Cholesterol"
"C_CHOL","FGFBP1",0.478,"UK Biobank Olink atlas (Deng 2025), partial r with Cholesterol"
"C_CHOL","LCAT",0.353,"UK Biobank Olink atlas (Deng 2025), partial r with Cholesterol"
"C_CHOL","LDLR",0.377,"UK Biobank Olink atlas (Deng 2025), partial r with Cholesterol"
"C_CHOL","PLA2G7",0.58,"UK Biobank Olink atlas (Deng 2025), partial r with Cholesterol"
"C_CHOL","PROC",0.345,"UK Biobank Olink atlas (Deng 2025), partial r with Cholesterol"
"C_CHOL","TFPI",0.427,"UK Biobank Olink atlas (Deng 2025), partial r with Cholesterol"
"C_HDL","APOA1",0.567,"UK Biobank Olink atlas (Deng 2025), partial r with HDL cholesterol"
"C_HDL","APOA2",0.28,"UK Biobank Olink atlas (Deng 2025), partial r with HDL cholesterol"
"C_HDL","APOD",0.355,"UK Biobank Olink atlas (Deng 2025), partial r with HDL cholesterol"
"C_HDL","APOF",0.275,"UK Biobank Olink atlas (Deng 2025), partial r with HDL cholesterol"
"C_HDL","APOM",0.462,"UK Biobank Olink atlas (Deng 2025), partial r with HDL cholesterol"
"C_HDL","CD300LG",0.365,"UK Biobank Olink atlas (Deng 2025), partial r with HDL cholesterol"
"C_HDL","PLTP",0.514,"UK Biobank Olink atlas (Deng 2025), partial r with HDL cholesterol"
"C_HDL","PON1",0.284,"UK Biobank Olink atlas (Deng 2025), partial r with HDL cholesterol"
"C_HDL","PON3",0.359,"UK Biobank Olink atlas (Deng 2025), partial r with HDL cholesterol"
"C_TRIGLY","C9",-0.402,"UK Biobank Olink atlas (Deng 2025), partial r with Triglycerides"
"C_TRIGLY","CES1",0.364,"UK Biobank Olink atlas (Deng 2025), partial r with Triglycerides"
"C_TRIGLY","FABP4",0.15,"UK Biobank Olink atlas (Deng 2025), partial r with Triglycerides"
"C_TRIGLY","GCG",0.397,"UK Biobank Olink atlas (Deng 2025), partial r with Triglycerides"
"C_TRIGLY","IGFBP1",-0.26,"UK Biobank Olink atlas (Deng 2025), partial r with Triglycerides"
"C_TRIGLY","IGFBP2",-0.229,"UK Biobank Olink atlas (Deng 2025), partial r with Triglycerides"
"C_TRIGLY","LDLR",0.607,"UK Biobank Olink atlas (Deng 2025), partial r with Triglycerides"
"C_TRIGLY","LEP",0.16,"UK Biobank Olink atlas (Deng 2025), partial r with Triglycerides"
"C_TRIGLY","LPL",-0.329,"UK Biobank Olink atlas (Deng 2025), partial r with Triglycerides"
"C_TRIGLY","MFGE8",0.567,"UK Biobank Olink atlas (Deng 2025), partial r with Triglycerides"
"c_CRP","APCS",0.279,"UK Biobank Olink atlas (Deng 2025), partial r with C-reactive protein"
"c_CRP","FGL1",0.384,"UK Biobank Olink atlas (Deng 2025), partial r with C-reactive protein"
"c_CRP","IL6",0.38,"UK Biobank Olink atlas (Deng 2025), partial r with C-reactive protein"
"c_CRP","LBP",0.321,"UK Biobank Olink atlas (Deng 2025), partial r with C-reactive protein"
"c_CRP","LRG1",0.392,"UK Biobank Olink atlas (Deng 2025), partial r with C-reactive protein"
"c_CRP","ORM1",0.347,"UK Biobank Olink atlas (Deng 2025), partial r with C-reactive protein"
"c_CRP","PLA2G2A",0.243,"UK Biobank Olink atlas (Deng 2025), partial r with C-reactive protein"
"c_CRP","SERPINA3",0.34,"UK Biobank Olink atlas (Deng 2025), partial r with C-reactive protein"
"MDRD_kurz","B2M",-0.36,"UK Biobank Olink atlas (Deng 2025), partial r with Creatinine (sign flipped)"
"MDRD_kurz","CD59",-0.569,"UK Biobank Olink atlas (Deng 2025), partial r with Creatinine (sign flipped)"
"MDRD_kurz","CST3",-0.49,"UK Biobank Olink atlas (Deng 2025), partial r with Creatinine (sign flipped)"
"MDRD_kurz","IGFBP6",-0.561,"UK Biobank Olink atlas (Deng 2025), partial r with Creatinine (sign flipped)"
"HOMA_IR","LEP",1,"insulin resistance markers, fixed signs: Zanetti 2023 Diabetologia, Nowak 2016 Diabetes"
"HOMA_IR","FABP4",1,"insulin resistance markers, fixed signs: Zanetti 2023 Diabetologia, Nowak 2016 Diabetes"
"HOMA_IR","IL1RN",1,"insulin resistance markers, fixed signs: Zanetti 2023 Diabetologia, Nowak 2016 Diabetes"
"HOMA_IR","INS-CPEPTIDE",1,"insulin resistance markers, fixed signs: Zanetti 2023 Diabetologia, Nowak 2016 Diabetes"
"HOMA_IR","IGFBP1",-1,"insulin resistance markers, fixed signs: Zanetti 2023 Diabetologia, Nowak 2016 Diabetes"
"HOMA_IR","IGFBP2",-1,"insulin resistance markers, fixed signs: Zanetti 2023 Diabetologia, Nowak 2016 Diabetes"
"HOMA_IR","SHBG",-1,"insulin resistance markers, fixed signs: Zanetti 2023 Diabetologia, Nowak 2016 Diabetes"
"HOMA_IR","LPL",-1,"insulin resistance markers, fixed signs: Zanetti 2023 Diabetologia, Nowak 2016 Diabetes"
"c_fett","LEP",1,"leptin tracks fat mass: Considine 1996 N Engl J Med"
"apo_ApoA1","APOA1",0.61,"UK Biobank Olink atlas (Deng 2025), partial r with Apolipoprotein A"
"apo_ApoA1","APOM",0.431,"UK Biobank Olink atlas (Deng 2025), partial r with Apolipoprotein A"
"apo_ApoA1","PLTP",0.433,"UK Biobank Olink atlas (Deng 2025), partial r with Apolipoprotein A"
"apo_ApoB","APOM",0.353,"UK Biobank Olink atlas (Deng 2025), partial r with Apolipoprotein B"
"apo_ApoB","FGFBP1",0.441,"UK Biobank Olink atlas (Deng 2025), partial r with Apolipoprotein B"
"apo_ApoB","LCAT",0.309,"UK Biobank Olink atlas (Deng 2025), partial r with Apolipoprotein B"
"apo_ApoB","LDLR",0.396,"UK Biobank Olink atlas (Deng 2025), partial r with Apolipoprotein B"
"apo_ApoB","PLA2G7",0.648,"UK Biobank Olink atlas (Deng 2025), partial r with Apolipoprotein B"
"apo_ApoB","PROC",0.305,"UK Biobank Olink atlas (Deng 2025), partial r with Apolipoprotein B"
"apo_ApoB","TFPI",0.409,"UK Biobank Olink atlas (Deng 2025), partial r with Apolipoprotein B"
"apo_Lpa","LPA",1,"Lp(a): Olink LPA vs clinical Lp(a) Spearman 0.82 (Singh 2025 Cardiovasc Res)"
"age_markers","EDA2R",1,"fallback when the age clock file is missing: age markers (Argentieri 2024 Nat Med ProtAge20, Goeminne 2025)"
"age_markers","GDF15",1,"fallback when the age clock file is missing: age markers (Argentieri 2024 Nat Med ProtAge20, Goeminne 2025)"
"age_markers","CXCL17",1,"fallback when the age clock file is missing: age markers (Argentieri 2024 Nat Med ProtAge20, Goeminne 2025)"
"age_markers","ELN",1,"fallback when the age clock file is missing: age markers (Argentieri 2024 Nat Med ProtAge20, Goeminne 2025)"
"age_markers","SCARF2",1,"fallback when the age clock file is missing: age markers (Argentieri 2024 Nat Med ProtAge20, Goeminne 2025)"
"age_markers","LTBP2",1,"fallback when the age clock file is missing: age markers (Argentieri 2024 Nat Med ProtAge20, Goeminne 2025)"
"age_markers","CDCP1",1,"fallback when the age clock file is missing: age markers (Argentieri 2024 Nat Med ProtAge20, Goeminne 2025)"
"age_markers","NEFL",1,"fallback when the age clock file is missing: age markers (Argentieri 2024 Nat Med ProtAge20, Goeminne 2025)"
"age_markers","GFAP",1,"fallback when the age clock file is missing: age markers (Argentieri 2024 Nat Med ProtAge20, Goeminne 2025)"
"age_markers","WFDC2",1,"fallback when the age clock file is missing: age markers (Argentieri 2024 Nat Med ProtAge20, Goeminne 2025)"
"age_markers","CHRDL1",1,"fallback when the age clock file is missing: age markers (Argentieri 2024 Nat Med ProtAge20, Goeminne 2025)"
"age_markers","PTPRR",1,"fallback when the age clock file is missing: age markers (Argentieri 2024 Nat Med ProtAge20, Goeminne 2025)"
"check_platelet","PPBP",1,"platelet release during clotting"
"check_platelet","PF4",1,"platelet release during clotting"
"check_platelet","CCL5",1,"platelet release during clotting"
"check_platelet","SELP",1,"platelet release during clotting"
"check_platelet","THBS1",1,"platelet release during clotting"
"check_platelet","PDGFB",1,"platelet release during clotting"
"check_haemolysis","CA1",1,"red cell proteins (haemolysis)"
"check_haemolysis","CA2",1,"red cell proteins (haemolysis)"
"check_haemolysis","PRDX2",1,"red cell proteins (haemolysis)"
"check_haemolysis","BLVRB",1,"red cell proteins (haemolysis)"
"check_haemolysis","HBQ1",1,"red cell proteins (haemolysis)"
"check_leukocyte","MPO",1,"neutrophil release (delayed processing)"
"check_leukocyte","PRTN3",1,"neutrophil release (delayed processing)"
"check_leukocyte","MMP8",1,"neutrophil release (delayed processing)"
"check_leukocyte","AZU1",1,"neutrophil release (delayed processing)"
"check_leukocyte","ELANE",1,"neutrophil release (delayed processing)"
"check_pregnancy","CGB3_CGB5_CGB8",1,"placenta-restricted proteins"
"check_pregnancy","CSH1",1,"placenta-restricted proteins"
"check_pregnancy","GH2",1,"placenta-restricted proteins"
"check_pregnancy","PSG1",1,"placenta-restricted proteins"
"check_pregnancy","ALPP",1,"placenta-restricted proteins"
"check_pregnancy","SIGLEC6",1,"placenta-restricted proteins"
